Young,Khali,12
Mahmood,Ashique Rupam,17
Caroli,Paulo,30
Lan,Tian,37
Peacock,Jodi Allen,37
Olsheski,Julia,37
Ye,Johanna,43
Wang,Tong,43
Hsu,Irving,43
Li,Li,43
Li,Ming,43
Wang,Juan,43
Tung,Mike,43
Yi Chan,Sophy,43
Li,Wei,43
Wang,Tao,43
Wang,Chao,43
Wang,Li,43
Liu,Jie,43
Kuo,Ryan,43
Wang,Min,43
Zhang,Xiu,43
Peng,Lijun,43
Liu,Yang,43
Li,Na,43
Zhang,Yong,43
Zhang,Tao,43
Wang,Fang,43
Wang,Jing,43
Zhang,Wei,43
Li,Jing,43
Wang,Xiu,43
Liu,Min,43
Li,Qiang,43
Wang,Jun,43
Teo,Choon Hui,43
Zhang,Qiang,43
Liu,Wei,43
Wang,Qiang,43
Qiao,Jian,43
Lu,Wei,43
Zhang,Yan,43
Li,Juan,43
Li,Jie,43
Wang,Gang,43
Zhang,Jing,43
Yang,Yiming,43
Wang,Weo,43
Wang,lei,43
Wang,Jie,43
Zhang,Min,43
Zhang,Jie,43
Wang,Ping,43
Yang,Jiasen,43
Zhang,Lei,43
Li,Jun,43
Xiao,Henry,43
Li,Min,43
Li,Xiu,43
Wang,Yan,43
Zhang,Jun,43
Ding,Nan,43
Zhang,Li,43
Li,Yong,43
Li,Xia,43
Li,Gui,43
Wang,Yong,43
Zhang,Yuwei,43
Liu,Fang,43
Xiong,Nikita,43
Li,Yan,43
Jin,Ming,43
Cepeda Tarud,Camilo,46
,Candice,72
,Anais,72
,Diego,72
,Lorenzo,72
,Emma,72
,Lise,72
,Andrea,72
,Chloe,72
,Morgane,72
,Maxime,72
,Carla,72
,Mathieu,72
,Theo,72
,Florian,72
,Nathan,72
,Mehdi,72
,Clara,72
,Agathe,72
,Faustine,72
,Eliott,72
,Gabriel,72
,Guillaume,72
,Clarisse,72
,Sacha,72
,Charlotte,72
,Flavie,72
,Julia,72
,Sara,72
,Amine,72
,Thomas,72
,Luna,72
,Noam,72
,Coline,72
,Marine,72
,Ambre,72
,Axel,72
,David,72
,Charles,72
,Clemence,72
,Lisa,72
,Rafael,72
,Lena,72
,Lilou,72
,Evan,72
,Gabrielle,72
,Erwan,72
,Jeremy,72
,Ilyes,72
,Valentin,72
,Yanis,72
,Ninon,72
,Nina,72
,Solene,72
,Meline,72
,Corentin,72
,Thibaut,72
,Leonie,72
,Salome,72
,Ethan,72
,Louis,72
,Lana,72
,Noa,72
,Anna,72
,Dylan,72
,Olivia,72
,Jordan,72
,Lea,72
,Victor,72
,Camille,72
,Kevin,72
,Loic,72
,Emilie,72
,Nolan,72
,Margot,72
,Adam,72
,Ilan,72
,Margaux,72
,Arthur,72
,Aurelien,72
,Eloise,72
,Amandine,72
,Louna,72
,Alexis,72
,Kylian,72
,Nicolas,72
,Timeo,72
,Marion,72
,Laurine,72
,Zoe,72
,Marius,72
,Elena,72
,Romane,72
,Remi,72
,Clementine,72
,Pierre,72
,Melissa,72
,Elisa,72
,Mael,72
,Amelie,72
,Maelys,72
,Anaelle,72
,Anthony,72
,Myriam,72
,Lola,72
,Benjamin,72
,Elsa,72
,Tristan,72
,Maeva,72
,Marie,72
,Mathys,72
,Mathis,72
,Melina,72
,Alexandre,72
,Victoria,72
,Gabin,72
,Martin,72
,Noah,72
,Raphael,72
,Jade,72
,Vincent,72
,Lenny,72
,Rose,72
,Antonin,72
,Paul,72
,Rayan,72
,Cassandra,72
,Loane,72
,Tom,72
,Celia,72
,Ines,72
,Clement,72
,Quentin,72
,Mathilde,72
,Justine,72
,Thibault,72
,Julie,72
,Maxence,72
,Adrien,72
,Heloise,72
,Mohamed,72
,Lina,72
,Lucas,72
,Manon,72
,Simon,72
,Oceane,72
,Fanny,72
,Lucie,72
,Yasmine,72
,Noe,72
,Matteo,72
,Juliette,72
,William,72
,Lilian,72
,Oscar,72
,Dorian,72
,Leane,72
,Ryan,72
,Adele,72
,Cloe,72
,Lou,72
,Sofia,72
,Louise,72
,Sarah,72
,Maelle,72
,Alexia,72
,Titouan,72
,Matthieu,72
,Jeanne,72
,Mateo,72
,Julien,72
,Bastien,72
,Robin,72
,Pauline,72
,Eva,72
,Valentine,72
,Noemie,72
,Hugo,72
,Killian,72
,Leo,72
,Alicia,72
,Bryan,72
,Louane,72
,Samuel,72
,Laura,72
,Esteban,72
,Yann,72
,Capucine,72
,Mathias,72
,Matheo,72
,Claire,72
,Angelina,72
,Alice,72
,Sofiane,72
,Antoine,72
,Elise,72
,Romain,72
,Lily,72
,Erden,77
,Peter,77
,Rosamond,77
,Godeardo,77
,Wolfgang,77
,Ullric,77
,Hanna,77
,Keene,77
,Leben,77
,Gricelda,77
,Charley,77
,Theobald,77
,Johanne,77
,Valdrada,77
,Amalberta,77
,Heresvida,77
,Salutiano,77
,Mandel,77
,Rayner,77
,Wandie,77
,Goddard,77
,Ulbrecht,77
,Gert,77
,Olric,77
,Krischan,77
,Milo,77
,Berlyn,77
,Wallach,77
,Lutgarda,77
,Terrell,77
,Gerbrando,77
,Richelle,77
,Canuta,77
,Minia,77
,Netta,77
,Bertram,77
,Donaron,77
,Alfilda,77
,Agilberta,77
,Ulla,77
,Arnulfa,77
,Herbert,77
,Clovis,77
,Monegunda,77
,Frantz,77
,Bernadette,77
,Ermenburga,77
,Berlin,77
,Warren,77
,Oderico,77
,Amelie,77
,Willem,77
,Lurleen,77
,Stoffel,77
,Rosenda,77
,Fridmund,77
,Sigwald,77
,Ilbert,77
,Mena,77
,Homera,77
,Fernanda,77
,Rahel,77
,Boris,77
,Kevin,77
,Howe,77
,Pipino,77
,Loreal,77
,Raina,77
,Strom,77
,Buell,77
,Margret,77
,Rae,77
,Heinz,77
,Ulva,77
,Berengaria,77
,Argimon,77
,Chadrick,77
,Ullock,77
,Adolf,77
,Audelina,77
,Gausberto,77
,Valtruda,77
,Marielena,77
,Ruprecht,77
,Dustin,77
,Hilderic,77
,Johannes,77
,Ilise,77
,Rigoberta,77
,Mildereda,77
,Rudolf,77
,Liese,77
,Loring,77
,Lindberg,77
,Henning,77
,Rudiger,77
,Clementia,77
,Meinrad,77
,Armengol,77
,Emmett,77
,Trudy,77
,Lotario,77
,Raquilda,77
,Renny,77
,Agileo,77
,Hannah,77
,Mileta,77
,Hilliard,77
,Rosendo,77
,Hildegarde,77
,Rue,77
,Hackett,77
,Wies,77
,Adeltruda,77
,Ludovic,77
,Adrenilda,77
,Rolene,77
,Batilde,77
,Adelaida,77
,Filma,77
,Hermilda,77
,Wereburga,77
,Marlena,77
,Carla,77
,Hobart,77
,Ildefonso,77
,Gertie,77
,Rictruda,77
,Bertha,77
,Willy,77
,Williams,77
,Czarina,77
,Louis,77
,Matilda,77
,Clodio,77
,Lise,77
,Leonilda,77
,Orlanda,77
,Keifer,77
,Hugh,77
,Jarvia,77
,Emma,77
,Wilfred,77
,Varick,77
,Notburga,77
,Tillie,77
,Fordon,77
,Porsche,77
,Hilma,77
,Ima,77
,Aldonza,77
,Ladolfo,77
,Hewitt,77
,Hedwig,77
,Imbert,77
,Berl,77
,Carl,77
,Emari,77
,Leonhard,77
,Mitzy,77
,Olegario,77
,Gibitruda,77
,Gabor,77
,Emilse,77
,Walberto,77
,Adalia,77
,Xildas,77
,Vedis,77
,Ludwig,77
,Onofrio,77
,Sigmunda,77
,Gundislavo,77
,Etelreda,77
,Siegmund,77
,Emmie,77
,Amory,77
,Ballard,77
,Reiner,77
,Steen,77
,Benilda,77
,Albert,77
,Theodoric,77
,Egon,77
,Aloisa,77
,Idoberga,77
,Aldelmo,77
,Horst,77
,Odette,77
,Rizieri,77
,Deonilde,77
,Gilberte,77
,Adalsinda,77
,Rory,77
,Melia,77
,Joachim,77
,Ulrica,77
,Leopolda,77
,Louie,77
,Vincens,77
,Vilhelm,77
,Elsbeth,77
,Rotha,77
,Mirella,77
,Leola,77
,Ratrudis,77
,Ulfer,77
,Till,77
,Ewald,77
,Hamlet,77
,Hagan,77
,Warner,77
,Ceferina,77
,Teodequilda,77
,Rosilda,77
,Anson,77
,Bogart,77
,Ellery,77
,Hartman,77
,Reanna,77
,Talat,77
,Tomas,77
,Henley,77
,Porscha,77
,Ivo,77
,Vihelmina,77
,Alberta,77
,Sigfredo,77
,Verrill,77
,Blenda,77
,Clodomira,77
,Rigoberto,77
,Barron,77
,Barrett,77
,Verner,77
,Herrick,77
,Jarvis,77
,Nardo,77
,Sigurd,77
,Aubrey,77
,Conradine,77
,Vogel,77
,Landra,77
,Faber,77
,Alette,77
,Gretta,77
,Faxon,77
,Kenner,77
,Odoacro,77
,Willie,77
,Valda,77
,Fulla,77
,Bernadeth,77
,Kennis,77
,Gotardo,77
,Alarice,77
,Penrod,77
,Etelinda,77
,Helmut,77
,Leonie,77
,Otto,77
,Welby,77
,Brunilda,77
,Rudee,77
,Humbert,77
,Everett,77
,Rutilia,77
,Helma,77
,Vanda,77
,Zola,77
,Ernst,77
,Varrick,77
,Halden,77
,Wilma,77
,Karl,77
,Othman,77
,Bernie,77
,Maximilian,77
,Bruna,77
,Patrick,77
,Edelina,77
,Laurelei,77
,Walda,77
,Wanda,77
,Nantilde,77
,Adler,77
,Bova,77
,Wagner,77
,Pippin,77
,Hernan,77
,Elsa,77
,Guthrie,77
,Claus,77
,Milba,77
,Bertilda,77
,Mallory,77
,Kurt,77
,Adelvina,77
,Annah,77
,Lamia,77
,Wilmer,77
,Waldemar,77
,Geraldine,77
,Archibalda,77
,Hartwig,77
,Marelda,77
,Landric,77
,Pardulfo,77
,Calros,77
,Lois,77
,Harvey,77
,Vigberto,77
,Edvina,77
,Bertalina,77
,Arvin,77
,Sepp,77
,Rolanda,77
,Arla,77
,Gesualdo,77
,Ilda,77
,Olympie,77
,Oberto,77
,Lebena,77
,Lonzo,77
,Bryon,77
,Almodis,77
,Charly,77
,Milgita,77
,Bolona,77
,Roderica,77
,Liesel,77
,Riberto,77
,Dieterich,77
,Frieda,77
,Duna,77
,Selig,77
,Stein,77
,Schuman,77
,Lenny,77
,Ada,77
,Isarno,77
,Elda,77
,Monika,77
,Redmond,77
,Leondra,77
,Christa,77
,Amaline,77
,Aldeguda,77
,Lioba,77
,Carol,77
,Nikolas,77
,Tancredo,77
,Everilda,77
,Zamiel,77
,Ultman,77
,Ulrich,77
,Wulfilde,77
,Guadalberto,77
,Griswold,77
,Ediltrudis,77
,Anselm,77
,Ismelda,77
,Leona,77
,Heinrich,77
,Seifert,77
,Lindbert,77
,Raimund,77
,Gundenia,77
,Ilsa,77
,Raymonde,77
,Ida,77
,Lamberta,77
,Valfredo,77
,Nixie,77
,Konrad,77
,Gary,77
,Selma,77
,Idelia,77
,Wolf,77
,Michael,77
,Alda,77
,Urraca,77
,Folke,77
,Jarman,77
,Onofledis,77
,Manrique,77
,Irmgaard,77
,Romualdo,77
,Berit,77
,Valburga,77
,Christoph,77
,Kelby,77
,Hilmer,77
,Hugolino,77
,Winifred,77
,Richart,77
,Celedonia,77
,Tobias,77
,Kass,77
,Zedislava,77
,Herlinda,77
,Elvira,77
,Salaberga,77
,Guala,77
,Waller,77
,Win,77
,Yohan,77
,Jorg,77
,Meinhard,77
,Rodrick,77
,Frodina,77
,Walmond,77
,Ernesto,77
,Wilda,77
,Hoffman,77
,Eber,77
,Rodman,77
,Ermenilda,77
,Grisel,77
,Ovidia,77
,Amalsinda,77
,Jaegar,77
,Baldwin,77
,Dennis,77
,Bernard,77
,Baron,77
,Rainer,77
,Velma,77
,Hettie,77
,Wendel,77
,Luanna,77
,Ritter,77
,Raena,77
,Freda,77
,Rolonda,77
,Paul,77
,Amelia,77
,Matheu,77
,Milko,77
,Romelia,77
,Malfreda,77
,Euda,77
,Delayna,77
,Bertoaria,77
,Terrelle,77
,Segene,77
,Ronya,77
,Uta,77
,Hanno,77
,Hildemarca,77
,Rolf,77
,Tabner,77
,Ulf,77
,Adelbert,77
,Konnen,77
,Bernhard,77
,Selda,77
,Dietrich,77
,Hermenexilda,77
,Derica,77
,Wendell,77
,Radella,77
,Milva,77
,Ramona,77
,Randelle,77
,Rodger,77
,Huberta,77
,Manheim,77
,Herminsenda,77
,Willeen,77
,Rudolph,77
,Gualteria,77
,Hedda,77
,Frida,77
,Frederika,77
,Hilda,77
,Griselda,77
,Rainey,77
,Jessamine,77
,Rilla,77
,Aroa,77
,Hiltruda,77
,Pastora,77
,Freddrick,77
,Loudon,77
,Raul,77
,Linfred,77
,Helga,77
,Finn,77
,Bertolda,77
,Lance,77
,Floriberto,77
,Erich,77
,Disibodo,77
,Huette,77
,Terel,77
,Winefrida,77
,Poldi,77
,Arnelle,77
,Brunhilda,77
,Mathias,77
,Amorie,77
,Iselda,77
,Osmaro,77
,Guiomar,77
,Johann,77
,Hildebranda,77
,Genevieve,77
,Dieter,77
,Herman,77
,Gertrude,77
,Dagoberta,77
,Fulberto,77
,Markus,77
,Fonzie,77
,Uwe,77
,Edilberta,77
,Bern,77
,Johana,77
,Meta,77
,Buck,77
,Merudina,77
,Ellfreda,77
,Irmine,77
,Bing,77
,Rupert,77
,Amalie,77
,Leonard,77
,Garibaldo,77
,Clodene,77
,Lotte,77
,Liduvina,77
,Thoma,77
,Gontilda,77
,Lukas,77
,Wilhelm,77
,Heriberta,77
,Frine,77
,Fremont,77
,Stina,77
,Christian,77
,Gretchen,77
,Roland,77
,Hermalindo,77
,Kaufman,77
,Etelvina,77
,Tusnelda,77
,Pepin,77
,Margaretha,77
,Mina,77
,Stefan,77
,Resi,77
,Mathilde,77
,Schneider,77
,Emory,77
,Lottie,77
,David,77
,Crimilda,77
,Fulbright,77
,Anselma,77
,Mario,77
,Lenia,77
,Venidle,77
,Idelgunda,77
,Sina,77
,Gundelinda,77
,Teolinda,77
,Mathis,77
,Dedric,77
,Avery,77
,Willa,77
,Gerhard,77
,Clotilda,77
,Schon,77
,Bernadyne,77
,Bega,77
,Sig,77
,Isaldina,77
,Medardo,77
,Ema,77
,Gildardo,77
,Rainerio,77
,Wilhelmina,77
,Sigrada,77
,Nitgardo,77
,Aminta,80
,Hagne,80
,Elpida,80
,Dorcas,80
,Elissa,80
,Kassandra,80
,Cymone,80
,Eustathios,80
,Olympiodoros,80
,Nemesis,80
,Parthenia,80
,Therapon,80
,Antiope,80
,Androkles,80
,Chaos,80
,Makarios,80
,Iason,80
,Aristarchos,80
,Karpos,80
,Epaphroditos,80
,Aisopos,80
,Odysseus,80
,Zenobios,80
,Chara,80
,Ianthe,80
,Heracles,80
,Eris,80
,Ionanna,80
,Origenes,80
,Eros,80
,Natasa,80
,Heraclitus,80
,Nikoleta,80
,Callidora,80
,Aristophanes,80
,Kerberos,80
,Phoibos,80
,Danae,80
,Makednos,80
,Eutychos,80
,Medousa,80
,Alphaios,80
,Eos,80
,Actaeon,80
,Artemidoros,80
,Priamos,80
,Thecla,80
,Yorgos,80
,Damokles,80
,Achilleus,80
,Aikaterine,80
,Pallas,80
,Leonidas,80
,Kalliope,80
,Doros,80
,Mnemosyne,80
,Morpheus,80
,Hermogenes,80
,Alekto,80
,Chrysanthe,80
,Amintah,80
,Dimitrios,80
,Athenais,80
,Ares,80
,Parthenope,80
,Kleisthenes,80
,Phyllis,80
,Eumelia,80
,Dorotheos,80
,Artemisia,80
,Aspasia,80
,Sophronia,80
,Makedon,80
,Delia,80
,Andonis,80
,Olympos,80
,Hesiodos,80
,Dionysodoros,80
,Aesop,80
,Triton,80
,Alexio,80
,Bakchos,80
,Dianthe,80
,Oulixeus,80
,Diogenes,80
,Nikomachos,80
,Antipatros,80
,Annas,80
,Kreon,80
,Aison,80
,Daidalos,80
,Chloris,80
,Seleukos,80
,Leda,80
,Jonas,80
,Josias,80
,Euclid,80
,Philokrates,80
,Aischylos,80
,Kronos,80
,Spiridion,80
,Tasoula,80
,Ptolema,80
,Heli,80
,Eudne,80
,Althaia,80
,Kore,80
,Eudokia,80
,Adrasteia,80
,Euthalia,80
,Kyriakos,80
,Astraia,80
,Hesiod,80
,Demostrate,80
,Archimedes,80
,Lysimachos,80
,Caiaphas,80
,Delphinia,80
,Tarasios,80
,Rhoda,80
,Hermione,80
,Theodoulos,80
,Pan,80
,Hykinthos,80
,Aineias,80
,Perikles,80
,Melissa,80
,Adonis,80
,Evdokia,80
,Agathon,80
,Ioannis,80
,Apollinaris,80
,Euterpe,80
,Haides,80
,Tryphaina,80
,Antonios,80
,Hippolyte,80
,Diokles,80
,Polykarpos,80
,Melita,80
,Methodios,80
,Vangelis,80
,Alcestis,80
,Stephanos,80
,Andreas,80
,Angelos,80
,Thaddeus,80
,Astarte,80
,Philomela,80
,Melina,80
,Kyrillos,80
,Stelios,80
,Athanasios,80
,Xenophon,80
,Metrophanes,80
,Apphia,80
,Eileithyia,80
,Ouranos,80
,Phoibe,80
,Konstantinos,80
,Dionysos,80
,Alexios,80
,Panos,80
,Timo,80
,Iole,80
,Adonia,80
,Xanthippe,80
,Anakletos,80
,Neoptolemos,80
,Barnabars,80
,Hera,80
,Aphrodite,80
,Alkyone,80
,Aniketos,80
,Alcmene,80
,Lysandros,80
,Xenon,80
,Damon,80
,Kleio,80
,Phanes,80
,Zinovia,80
,Stamatia,80
,Paraskeve,80
,Mneme,80
,Hippolytos,80
,Nikandros,80
,Epiktetos,80
,Ananias,80
,Barbara,80
,Isokrates,80
,Khristos,80
,Zotikos,80
,Aikaterina,80
,Nicolaos,80
,Zenon,80
,Sophronios,80
,Iphigenia,80
,Nidon,80
,Eleni,80
,Agamemnon,80
,Anaitis,80
,Achaikos,80
,Orestes,80
,Rhea,80
,Yiorgos,80
,Hekabe,80
,Eurybia,80
,Alexis,80
,Eunike,80
,Archippos,80
,Efthalia,80
,Thanos,80
,Aristaios,80
,Aether,80
,Cybele,80
,Evangelos,80
,Eukleides,80
,Gennadios,80
,Praxiteles,80
,Aphrodisios,80
,Amenophis,80
,Artemis,80
,Khristophoros,80
,Ariadne,80
,Xanthia,80
,Midas,80
,Theophylaktos,80
,Sofia,80
,Herodotos,80
,Ariston,80
,Theodotos,80
,Kleitos,80
,Demeter,80
,Apostolis,80
,Kallikrates,80
,Pankratios,80
,Ianthina,80
,Pandora,80
,Errikos,80
,Aristomache,80
,Platon,80
,Diantha,80
,Calisto,80
,Elene,80
,Kyros,80
,Polydorus,80
,Euripides,80
,Vasiliki,80
,Hebe,80
,Helios,80
,Kallisto,80
,Krios,80
,Matthias,80
,Sousanna,80
,Dorus,80
,Zoe,80
,Eliud,80
,Kapaneus,80
,Efstathios,80
,Chrysanthos,80
,Spyros,80
,Ourania,80
,Olysseus,80
,Heliodoros,80
,Nikolaos,80
,Ioannes,80
,Semele,80
,Origen,80
,Pamphilos,80
,Medeia,80
,Apostolos,80
,Lefteris,80
,Georgios,80
,Hypatia,80
,Phanessa,80
,Lykouros,80
,Gaia,80
,Agaue,80
,Io,80
,Athena,80
,Demosthenes,80
,Elektra,80
,Agathe,80
,Celandine,80
,Timaios,80
,Tersichore,80
,Oedipus,80
,Simonides,80
,Klytie,80
,Hecuba,80
,Haemon,80
,Eupraxia,80
,Hippokrates,80
,Oidipous,80
,Psykhe,80
,Desma,80
,Penelope,80
,Diomedes,80
,Hermia,80
,Hypatios,80
Dhokia,Rikesh,95
Naran,Mani,95
Menon,Nandu,95
Subramaniam,Meera,95
Narayanan,Siva,95
Guru,Siva,95
Joseph,Anand,95
Harsha,Praharshit,95
Ramakrishnan,Arvind,95
Srinivasan,Venkatraghavan,95
Dharmarajan,Sitaraman,95
Singh,Subhag,95
Gaurav,Santosh,95
Chattopadhyay,Mrityunjoy,95
Mathur,Keshav,95
Raman,Parameswaran,95
Gandhi,Mohana Sudhan,95
Sundaram,Karhik,95
Rv,Shivram,95
Tukrel,Sunil,95
Murali,Srinivasan,95
Gv,Ashwin,95
Mathur,Anuj,95
Nair,Praveen,95
Natarajan,Senthil,95
Kothari,Virag,95
Mavinasara,Amit,95
Tati,Lokesh,95
Mahalingam,Divya,95
Raja,Mokan,95
Natarajan,Girish Nath,95
Prabhakaran,Akhil,95
Gupta,Siddharth,95
Shanmugham,Kirthika,95
Samy,Alagiri,95
Santhosh,Hari,95
Gavande,Suraj,95
Bafna,Himanshu,95
Dhume,Mrunmayi,95
Raghunathan,Ashwin,95
Mahadevan,Divya,95
Kar,Purushottam,95
Mathew,Rajiv,95
Nair,Sajessh,95
Arabolu,Raghu Ananya,95
CK,Sowmya,95
Shah,Pawan,95
Selvaraj,Kiruthika,95
Gupta,Rishi,95
Madhayala,Preeti,95
Phaye,Ketan,95
Vijayaraghavan,Bharath,95
Ganti Manapatruni,Ravi Sastry,95
Venugopla,Kannan,95
Vasudevan,Gayatri,95
Ramani,Akash,95
Varalu,Venkatesh,95
Mahalingam,Preethi Mali,95
Vasanth,Sneha,95
Ojha,Anurag,95
CH,Ramakrishnan,95
Asokan,Archana,95
Venkat,Jagadish,95
Purushothaman,Saktheesh,95
Gadepalli,Prakash,95
Ram,Easwar,95
Anandhakrishnan,Madhankumar,95
Dixit,Prashant,95
Ganesan,Krishnan,95
Ramakrishnan,Sharadha,95
Vinoth,Divya,95
Hebsur,Karthik,95
Gopal,Hari,95
Rao,Raghunandan,95
Govindaraj,Prashanth,95
Vaidyanathan,Vignessh,95
Agarwal,Neha,95
Sgkrishnan,Sowmya,95
Nambi,Andiran,95
Rajagopalan,Indu,95
Nishanth,Divya,95
Venkiteswaran,Srihari,95
Tolbhai,Tolia,95
Rajaram,Balakumar,95
Narayana Rao,Deepak,95
Kaul,Kamesh,95
Samant,Mandar,95
Anand,Avinash,95
Bhatia,Urjit Singh,95
Ramasamy,Dayanand,95
Goyal,Arika,95
Arunneelakantan,Roopa,95
Ravikumar,Raghunath,95
Joshi,Shreyas,95
Prabhu,Suthaya,95
Chander,Vijay,95
Jagannathan,Geetha Nandini,95
Raju,Veda,95
Agram,Piyush Shanker,95
Ashok,Krish,95
Baskaran,Keerthana,95
Sundar,Deepak,95
Ravikumar,Raghunandhan,95
Jog,Chandan,95
Rangadurai,Kaushik,95
Sandeep,Anusha,95
Doshi,Dhaval,95
Kumar,Vinod,95
Suresh,Sujay Krishna,95
Pt,Aneesh,95
Naidu,Vignesh,95
Verma,Arunabh,95
Mukherjee,Saurav,95
Simha,Alok,95
Sridhar,Dhanya,95
Premchandran,Ashwanth,95
Kalyanasundaram,Ranjani,95
Shanmugam,Subramaniam,95
Singh,Jyothi,95
Srivastava,Prashant,95
Kaliappan,Gokul,95
Kumbhashi,Rakesh,95
Shenbagamoorthy,Vignesh,95
Devi,Yashoda,95
Singh Khokhar,Devangana,95
Madhu,Preethi,95
Sivanandham,Sowmiya,95
Muthumani,Suresh,95
Subramanian,AnithaPriya,95
Kalaivanan,Mugil,95
Roy,Renuka,95
Krishnan,Balamurali,95
Somi,Ravin,95
Yadhav,Raja Ram,95
Sangonda,Rahul,95
Kunday,Arvind,95
Deo,Ketaki,95
Ulaganathan,Jagan,95
Marimuthu,Murugaprabhu,95
Raghavendar,Arun,95
Mridul,Preethy,95
Vashisht,Harsha,95
Vadivelu,Sindhu,95
SA,Gopalakrishnan,95
Rajasekharan,Rajeev,95
Karthy,Umesh,95
Chatterjee,Abira,95
Radhakrishnan,Krithika,95
Sharma,Prakhar,95
Sp,Vaishaag,95
Raghav,Ashwin,95
Modi,Hiral,95
Sankaran,Shiva,95
Seshadri,Prasanna,95
Moghe,Sumeet,95
Jain,Miten,95
Mallick,Nilakanta,95
Reddy,Preetam,95
Swaroop,Soumya,95
Murali,Jayalakshmi,95
Ram,Sri,95
Patanshettar,Santhosh,95
Ram,Vignesh,95
Madhusudana,Suhas,95
Inamdar,Shweta,95
Ravichandran,Viju,95
Sewak,Nalini,95
Manchanda,Vikrant,95
Menon,Manu,95
Ilango,Vivekanand,95
Vamsy,Godthi,95
Gvs,Srikanth,95
Raman,Sethu,95
Ramanathan,Nithya,95
Yadav,Tarun,95
Ghosh,Saikat,95
Murthi,Sharda,95
Mishra,Debashish,95
Sambasivam,Magendran,95
Ramamoorthy Reddy,Senthilraja,95
Umrani,Aditya,95
Nallathambi,Jayaprakhas,95
CS,Arun,95
Sundar,Shyam,95
Veerappan,Arunachalam,95
Monu,Ruban,95
Nagarajan,Varunkumar,95
Rao,Sakshi,95
Lakshmi,Pavithira,95
Deshmukh,Satyajit,95
Adappa,Shruthi,95
Aravind,Aparna,95
Gollu,Kiran Kumar,95
Ramachandran,Sumithra,95
Ganesh,Ranjani,95
Segar,Guna,95
Ganesh,Rajaganesh,95
Pa,Sreeguruparan,95
Srinivas,Sibi,95
Upadhyay,Mrunal,95
Nathan,Senthil,95
Srivastav,Tejasri,95
Saravanan,Sanjay,95
Gujja,Hareeshwar,95
Desai,Sairam,95
Prasad,Anirudh,95
Sapre,Viraj,95
Nagasubramanian,Kiran,95
Bahal,Sanchit,95
Gupta,Adhip,95
Sundar,Aishwarya,95
Sureka,Rohit,95
Toraskar,Kedar,95
Reddy,Charan,95
Jagadeesan,Siva,95
Karlapalem,Manohar,95
Sundar,Sidharth,95
Kashyap,Phani,95
Angarai,Ramacha,95
Kar,Gourab,95
Prasad,Raghavendra,95
Pattabiraman,Kumaresh,95
Ramakrishnan,Vijay,95
Madan,Jasdeep,95
Hari,Janani,95
Balasubramanian,Arunkumar,95
Gunasekaran,Karthik,95
Srini,Laks,95
Ananthu,Satya,95
Senapathi,Ambalavanan,95
Idnani,Avinash,95
Nerurkar,Ameya,95
Thangaraj,Soundararajan,95
Jana,Preethy,95
Saha,Ankan,95
Mogal,Bhooshan,95
Sheth,Chandan,95
T,Prashanth,95
Mohan,Vignesh,95
Devarajan,Sowmiya,95
Varghese,Prakash,95
Rathore,Rajveer,95
Anandampillai,Sudhin,95
Perumal,Karthik,95
Anandkumar,Sudhir,95
Siddharth,Sasi,95
Shweta,Philip,95
Ponnuswami,Sampathkumar,95
Pawar,Chandan,95
Venkatesan,Sridhar,95
Ram,Keshav,95
Krishnamurthy,Vikram,95
Krishna,Vamsi,95
Dhanabal,Sathyaprakash,95
Sridhar,Akash,95
Gawde,Apoorv,95
Kalathinathan,Subhashini,95
Kulasekar,Sandeep,95
Ravi,Abishek,95
Garg,Garima,95
Subramanian,Abi,95
Sundara Manohar,Bharath,95
Damle,Anurag,95
Kumar,Shachi,95
Sundaram,Gopinath,95
Gupta,Akshya,95
Vivek,Preedhi,95
Ravichandran,Ajay,95
ND,Nandish,95
Deepak,Riya,95
Bagewadi,Nikhil,95
Pillai,Arun,95
Guha,Anupam,95
Kumar,Vinoth,95
Fogla,Navin,95
Kaushik,Gopal,95
Rangaraj,Somasundaram,95
Parvatham,Surekha,95
Balamani,Hari Saravana Prabhu,95
Kommidi,Sumanth Reddy,95
Narayanan,Janani,95
Chakraborttii,Chandranil,95
Soundararajan,Niranjan,95
Pk,Pradeep,95
Sekar,Kirubakaran,95
Kishenchand,Satish,95
Krishnaswamy,Ravishankar,95
Choudhury,Mohit,95
Basu,Tamaghna,95
Patharachalam,Dilip,95
Sapra,Rochit,95
Srinivasan,Sangeetha,95
Sivaram,Arjun,95
Soundararajan,Varun,95
Purandare,Jai,95
Mohan,Murugan,95
Eppalapally,Santosh,95
Seetharaman,Jayatheerth,95
Kumar,Santosh,95
Das,Jaya,95
Srinivas,Krishnakumar,95
Chandrasekaran,Saranya,95
Darera,Mukta,95
Gopal,Anish,95
Gunda,Sreeharsha,95
Thangavel,Karthik,95
Mantri,Hrishi,95
Venu,Vineet,95
Marimuthu,Vinoth,95
Das,Viswa Prakash,95
Raghavan,Vijaya,95
Mohan,Katragadda,95
Prasad,Krishna,95
Parekh,Ankit,95
Pillai,Sivadesh,95
Devi,Saranya,95
Garg,Pratik,95
Ns,Gopalakrishnan,95
Pandey,Siddharth,95
Tallo,Radhe Obing,95
Ganesh,Vinay,95
Jarayaman,Ramapandian,95
Sundaram,Nivedita,95
Gujar,Amit,95
Sankar,Susilaa,95
Kandasamy,Sudhakar,95
Murthi,Poornima,95
Bansal,Vaibhav,95
Raja,Kirutthika,95
Sheth,Kaustubh,95
Sharma,Parma Dutta,95
Krishnamurthy,Aditya,95
Ramamurthy,Aarthi,95
Murugan,Bala,95
Parthan,Kizhekalam,95
Arivazhagan,Ravishankar,95
Bellare,Kedar,95
Mehndiratta,Rishu,95
Bajpai,Anshul,95
Akella,Kalyan,95
Goswami,Ruchi,95
Sivakumar,Raghavan,95
Balachandran,Jagannath,95
Bhat,Swathi Sriranjan,95
Sundaram,Dilip,95
Shivapurkar,Radhika,95
Ram,Raghu,95
Ganesh,Haarish,95
Vinay,Deepali,95
Rathod,Ami,95
Vijayvergiya,Arun,95
Venkat,Vignesh,95
Shah,Chirag,95
Simha,Ramanuja,95
Swetha,Krishna,95
Nithianandam,Kayal,95
Goel,Vishakha,95
Shendye,Radhika,95
Sundaram,Yogeetha,95
Narayan,Shankar,95
Kalyan,Aishwarya,95
Venkatram,Saumya,95
Jagadeesan,Harini,95
Pujara,Jay,95
Saiprasad,Kaushik,95
Palanisami,Karthikeyani,95
Govindan,Anaiappan,95
Jindal,Abhilash,95
Prakash,Chethan,95
Prasad,Rohit Chandra,95
Kumar,Akash,95
Veerappan,Meyyappan,95
Rao,Abhinesh,95
Ponnappa,Sidu,95
Rao,Sudhindra,95
Prakash,Kiran,95
Parekh,Parth,95
Ganesan,Manohar,95
Ravikumar,Archanaa,95
Lakshmanan,Kalarani,95
Venkat,Sai,95
Chitnis,Mona,95
Jagasia,Lokesh,95
GK, Madhwaraj,95
Gunda,Sreekanth,95
Kannan,Vineet,95
Nagarajan,Ganesh,95
Mohan,Deepthi,95
Premraj,Saurabh,95
Gupta,Anuj,95
Naik,Manisha,95
Prasad,Raghav,95
Ilangovan,Vignesh,95
Pranay,Turlapati,95
Joshi,Preetam,95
Ramabadran,Muthukrishnan,95
Belur Nagabushana,Amit,95
Kuppuswami,Nagarajan,95
Sp,Vinithra,95
Jalasutram,Srikanth,95
Chaudhary Nair,Anee,95
Chellappa,Thirunavukarasu,95
Subramaniyam,Arun Kumar,95
Chandrasekharan,Thanga Srinivasan,95
Butala,Swaroop,95
Gopalan,Archana,95
Patil,Samrudhi,95
PS,Ramkumar,95
Gopalsamy,Mirunalini,95
Ananth,Sindhuri,95
Vishwanath,Anand,95
Sadasivam,Yogalakshmi,95
Sekar,Rekha,95
Krishnan,Aravind,95
Sundararajan,Balamurugan,95
Saurabh,Kumar,95
Roy,Parantap,95
Murali,Gayathri,95
Mishra,Sashwat,95
Nagaraj,Karthik Swaminathan,95
Puliyedath Udumbath,Aneesh,95
Gautam,Rajeev,95
Kumar,Pani,95
Shankar,Daya,95
Shenoy,Rashmi,95
Goyal,Saurabh,95
Shridharan,Shriram,95
Gopalakrishnan,Raghavendran,95
Ponnusamy,Paramasivan,95
Sankaran,Vidhya,95
Shah,Viren,95
Premkumar,Sudharsan,95
Hajarnis,Sanjeet,95
Khandelwal,Hitesh,95
Sunder,Avinash,95
Kannan,Balaji,95
Venkatesan,Rangharajan,95
Bondalapati,Srikanth,95
Kangeyan,Surya,95
Sundaram,Vijay,95
Sivaramakrishnan,KC,95
Prasad,Trivikram,95
Raman,Shree Mahalakshmi,95
Pathak,Vardayini,95
Balasubramanyan,Ramnath,95
Ramanathan,Venkat,95
Bhatia,Rohit,95
Kumar,Praveen,95
Krishnamoorthi,Harish,95
Kancharla,Suvidha,95
Senthil,Vijay,95
Saravanaraj,Sangeeth,95
KR,Jayaram,95
Basu,Kinjal,95
Santhosh,Spj,95
Chithanar,Arun Kumar,95
Narayanan,Anand,95
Kumar,Pravarthika,95
Kumar,Nivedita,95
Venkatesh,Divya,95
Ghoshal,Asish,95
Narula,Arovit,95
Ranganathan,Radha,95
Chevanan,Ranjith,95
Ramasubramanian,Vishravars,95
Krishnamoorthy,Balachandar,95
Mohan,Kc,95
Parthasarathy,Vikram,95
Reddy,Kashi,95
Murali,Vijay,95
Lakshmanan,Sabarathinam,95
Srinivasan,Rajaram,95
Mayilsamy,Balaji,95
Shrivastava,Utkarsh,95
Madhavan,Sethu,95
Jawahar,Pradeep,95
Gomes,Annapoorani,95
Vaish,Rajan,95
Ramachander,Arvind,95
Kulasekar,Santhosh,95
Rajagopalan,Deepika,95
Ramachandra,Suman,95
Vanchinathan,Hastagiri,95
Srinivasan,Gopalakrishnan,95
Kasavajjala,Vandana,95
Ganesh,Sujatha,95
Shivanagoudar,Praveen,95
Ohm Prasath,Hari,95
Dhavle,Akshay,95
Parameswaran,Saranya,95
Ramanathan,Aravind,95
Mc,Shankarananth,95
Sukthankar,Kushal,95
Ramasundar,Sowmya,95
Miglani,Sahil,95
Ranganathan,Pranesh,95
Cumar N,Prasan,95
Krishnan,Sushyant,95
Kumaran,Senthil,95
Sharma,Sonali,95
Venkatesh,Kirpal,95
Priyadarshini,Andal,95
Pendharkar,Amruta,95
Rajesh,Suganya,95
Shah,Sameer,95
Jaipuriar,Sumeet,95
Govindarajan,Mahaadevi,95
Kittusami,Sarulathaa,95
Rajah,Ilavarasi,95
RK, Karthikeyan,95
Dhar,Anchit,95
Krishnan,Shruthi,95
Kumar,Sathish,95
Agarwal,Preeti,95
Gopaladesikan,Mohan,95
Krishna,Hari,95
Ramprasad,Vidya,95
Jha,Atul,95
Jayaraman,Pavithra,95
Sekar,Gowri,95
Nambiar,Anuranjana,95
Chandrasekaran,Dinesh Kumar,95
Anand,Aparna,95
Mayya,Gururaj,95
Jayakumar,Pavithra,95
Natesan,Selvakumar,95
Kaverappa,Mamtha,95
Chozhiyath Raman,Poornima,95
Ravichandran,Madhumitha,95
Kumar,Suresh,95
Varadharajan,Aishwarya,95
Sridar,Raghav Prasad,95
Khandelwal,Richie,95
Kumar,Krishna,95
Pedapati,Tejaswini,95
Marimuthu,Kuberan,95
Seshadri,Ajay,95
Ganapathy,Harrish,95
Singh,Mukesh,95
Radhamohan,Archana,95
Chandrasekaran,Karthekeyan,95
Narayanan,Alagammai,95
Venkataraman,Abhinav,95
Gandhi,Pritish,95
Balakrishnan,Abarnaa,95
KM,Shiva,95
Peddakota,Deepraj,95
Raman,Saketh,95
Prabakar,Barani,95
Arlagadda,Jyothi Swaroop,95
Sethuraman,Archana,95
Joshi,Abhishek,95
Das,Pooja,95
Sadanandan,Suhas,95
Mohanty,Samarth,95
Krishnan,Hari,95
Sampath,Uthra,95
Ramadas,Rahul,95
Mukala,Sagar,95
Talukdar,Abheek,95
Parthasarathy,Radhika,95
Sampath,Maheillnan,95
Mallya,Rajaram,95
Gunasekaran,Jayakumar,95
Ramakrishnan,Narayanan,95
Sunder,Sarang,95
Haran,Arvind,95
Vasant,Sachin,95
Jayakar,Niranjan,95
Jain,Prayrit Prash,95
Ramesh,Karthik,95
Varadhan,Veerapuram,95
Dave,Sanket,95
Sriram,Sujatha,95
Chandramouli,Aravind,95
Krishnan,Ashwathi,95
Sundar,Prarthana,95
Rajendran,Karthik,95
Rasumani,Logesh,95
Venugopal,Pravin,95
Ananth,Easwara,95
Chandrasekharan,Praveen,95
Kaki,Gowtham,95
Kuppuraj,Vijesh,95
Muralidhar,Ashwini,95
Annamalai,Chidambaram,95
Ranganathan,Sathiya Priya,95
Ambarish,Vinesh,95
Ponnivalavan,Arulanandan,95
Krishna,Vidya,95
DK,Arun,95
Mani,Geethanjali,95
Santhosh,Geetha,95
KL,Santosh,95
Purushothaman,Saikrupa,95
Dakshinamurthy,Sreedhar,95
Av,Ananth,95
Prem Kamal,Pradeep,95
Sudheendra,Sachin,95
Mehta,Priyal,95
Patil,Vipul,95
Venkataraman,Meena,95
Vaasudevan,Mridhula,95
Jha,Sneha,95
Sankaran,Veera Sundaram,95
K,Avinash,95
Ravichandran,Kaushik,95
Karthick,Sethuraman,95
Soundarrajan,Padmalaya,95
Hariharan,Ram Kumar,95
Jayakumar,Nisha,95
Chandrasekar,Ramalingam,95
Chintala Reddy,Dheeraj,95
N,Pallavi,95
Goyal,Puneet,95
Kumar,Santhosh,95
Jhalaria,Ankit,95
Hariharan,Mahesh,95
Hastagiri,Pavithra,95
Kasiviswanathan,Jeevanram,95
Polishetty,Sahiti,95
Shah,Punit,95
Sharma,Apurva,95
Dey,Siddharth,95
Kannan,Ananth,95
Alagarsamy,Damodarakkannan,95
Prabhu,Sanjay,95
Alagappan,Lakshmi,95
Anand,Bharanidharan,95
Autade,Siddharth,95
Kumar,Sharath,95
Bharadwaj,Janardhan,95
Kumar,Satish,95
Kumar,Prem,95
Natarajan,Abhiram,95
Ravishanker,Bharathi,95
Shetty,Chirdeep,95
Alfred Padmanabhan,Anantha,95
Madiraju,Apurva,95
Sajessh,Aarthi,95
Krishnan,Venkata,95
Kakade-Elkunchwar,Pooja,95
Nilakantan,Ravishankar,95
Srinivasa Raghavan,Harini,95
Srinivasan,Pradeep,95
Roy,Sandip,95
Iyer,Hersh,95
Madhavan,Rahul,95
Raman,Aparna,95
Unnikamu,Rubaina,96
Khan,Kishore,96
Cheriya Maliackal,Zabil,96
Jamal,Shad,96
Yunus,Izaaz,96
Faruqui,Anas,96
Ashfaq Ahmed,Shakir Sharfraz,96
Siddique,Abubacker,96
Akhter,Umar,96
Ahmed,Riyaz,96
Ameer,Aafia,96
Khan,Mohsin,96
Ali,Afroza,96
Hassan,Imam,96
Shah,Ayan,96
Iruthayaraj,Thomson,97
Jonathan,Sudhir,97
Tharakan,Hormese,97
Vinod,Tina,97
Benedict,Preeti,97
Varghese,Judy,97
Johnson,Jabez,97
George,Ashley,97
Bennet,Annie,97
Adabi,Ali,97
Villalan,Napolean,97
Marker,Sheroy,97
Jeyam,Sam,97
Jahanian,Ali,97
Aruldhas,Benixon,97
Solomon,Samuel,97
Fernandes,Leighton,97
John,Lim,97
Bhasha,Galeel,97
Slevin,Soundar,97
Jayant,Juanita,97
Paulraj,Rajan,97
Rex,Mercy,97
Francis,Eilin,97
Praison,Tom,97
Thomas,Jacob,97
Mathew,Suresh,97
Xavier,Jennifer,97
Thomas,Annette,97
Fernandes,Nigel,97
Vincent,Antony,97
Barretto,Elton,97
Ege,Lollen,98
Kago,Asha,98
Tacho,Ruchu,98
,Yara,100
,Zulekha,100
Rad,Nima,100
,Sargon,100
,Nasim,100
,Said,100
,Minoo,100
,Urvakhsha,100
,Mehrdad,100
,Minau,100
,Shabnan,100
,Anisi,100
,Kurush,100
,Mehri,100
,Roshanara,100
,Anisa,100
,Zarina,100
,Sayeh,100
,Mahsheed,100
,Dilshad,100
,Kohinoor,100
,Azora,100
,Shahrokh,100
,Jasmyn,100
,Niloofar,100
,Bahman,100
,Hormazd,100
,Shahrizad,100
,Pari,100
,Shabnam,100
,Anis,100
,Rashne,100
,Jala,100
,Bijan,100
,Omid,100
,Zarathustra,100
,Babak,100
,Parvin,100
,Jahan,100
,Yasamin,100
,Roshni,100
,Javaid,100
,Nazanin,100
,Ahuramazda,100
,Behzad,100
,Alburz,100
,Navid,100
,Jadu,100
,Shahpur,100
,Bahadur,100
,Kambaujiya,100
,Laleh,100
,Khodadad,100
,Baraz,100
,Parvaiz,100
,Banu,100
,Yasmeen,100
,Cyrus,100
,Jasmin,100
,Farah,100
,Nilofer,100
,Xerxes,100
,Jasmeen,100
,Khorvash,100
Rahmanian,Holakou,100
,Hestia,100
,Taraneh,100
,Shereen,100
,Sadira,100
,Farzana,100
,Sholeh,100
,Mahtab,100
,Kasper,100
,Shahdi,100
,Shahrivar,100
,Khurshid,100
,Naveed,100
,Jamsheed,100
,Jasmine,100
,Soraya,100
,Javed,100
,Farideh,100
,Elburz,100
,Yazmin,100
,Parwiz,100
,Maha,100
,Shah,100
,Shahjahan,100
,Vassy,100
,Behruz,100
Behrooz,Morteza,100
,Shadi,100
,Atefeh,100
,Aniqa,100
,Shahnaz,100
,Gev,100
,Yasmin,100
,Ziba,100
,Ayesha,100
,Shahrazad,100
,Niga,100
,Jaleh,100
,Jamshad,100
,Majnoon,100
,Armani,100
,Alborz,100
,Azura,100
,Darice,100
,Ameretat,100
,Zuleika,100
,Azar,100
,Gulistan,100
Homayoun,Shiden,100
,Zebba,100
,Angra,100
,Casper,100
,Darawesh,100
,Roxann,100
,Sarosh,100
,Faridoon,100
,Shirin,100
,Nousha,100
,Roshan,100
,Zohreh,100
,Zainab,100
,Paradise,100
,Feroze,100
,Jamshed,100
,Garamon,100
,Andarun,100
,Nard,100
,Papak,100
,Firuza,100
,Oroncio,100
,Xesus,100
,Darioush,100
,Sher,100
,Payam,100
,Azure,100
,Ahura,100
,Roxane,100
,Jasper,100
,Nahid,100
,Hormisdas,100
,Jasma,100
,Niloufar,100
,Koroush,100
,Ghoncheh,100
,Shirina,100
,Mahnaz,100
,Farzan,100
,Soroush,100
,Mahdokht,100
,Ahriman,100
,Khorshed,100
,Aban,100
,Dara,100
,Yasmina,100
,Behras,100
,Amir,100
,Kamboujiya,100
,Mehr,100
,Kianoush,100
,Firuz,100
,Gulzar,100
,Hormuzd,100
,Minu,100
,Bahram,100
,Khordad,100
,Darya,100
,Behrooz,100
,Mithra,100
,Layan,100
,Ardashir,100
,Tariqa,100
,Behram,100
,Andaruna,100
,Gasparina,100
,Zebara,100
,Taran,100
,Durward,100
,Shahroukh,100
,Shirinada,100
,Roxana,100
,Arazou,100
,Anissa,100
,Gul,100
,Sinbad,100
,Kambujiya,100
,Hormizd,100
,Farukh,100
,Shahzad,100
,Vashti,100
,Zooran,100
,Faruk,100
,Shideh,100
,Akbar,100
,Anahita,100
,Roshanak,100
,Narses,100
,Jandari,100
,Tahirih,100
,Mardonio,100
,Arzu,100
,Jasmina,100
,Zena,100
,Sindbad,100
,Morvarid,100
,Zareen,100
,Anahit,100
,Mitra,100
,Golnar,100
,Yegane,100
,Parveen,100
,Sanaz,100
,Faridun,100
,Zenda,100
,Behnam,100
,Jassi,100
,Feroz,100
,Arash,100
,Saeed,100
,Simin,100
Mirzazad,Maziar,100
,Darayavahush,100
,Jasman,100
,Ester,100
,Tallis,100
,Ohrmazd,100
,Shireen,100
,Artakhshathra,100
,Jazman,100
,Mojgan,100
,Esther,100
,Souzan,100
,Aysha,100
,Shahin,100
,Tabor,100
,Naheed,100
,Roxanne,100
,Gulbahar,100
,Marjan,100
,Siavush,100
,Delshad,100
,Khshayarsha,100
,Mahvash,100
,Firoz,100
,Fravardin,100
,Jiaan,100
,Ormazd,100
,Shahriar,100
,Majeed,100
,Nasrin,100
,Amardad,100
,Sohrab,100
,Zaynab,100
,Yesmin,100
,Jasmeet,100
,Jasmain,100
,Parvana,100
,Armineh,100
,Parisa,100
,Yasemin,100
,Mirza,100
,Jahangir,100
,Heydar,100
,Guity,100
,Roxie,100
,Parveneh,100
,Kaveh,100
,Haurvatat,100
,Ashtad,100
,Aramazd,100
,Larmina,100
,Cosmo,104
,Giuseppe,104
,Rocco,104
,Nerezza,104
,Delfina,104
,Primeiro,104
,Octavio,104
,Dianora,104
,Marietta,104
,Dafne,104
,Caseareo,104
,Contessa,104
,Cesare,104
,Ricciardo,104
,Concetto,104
,Annabella,104
,Arturo,104
,Alfonso,104
,Clemente,104
,Carlos,104
,Carlita,104
,Daniela,104
,Donata,104
,Pippa,104
,Ruffina,104
,Macario,104
,Zenzo,104
,Cara,104
,Alba,104
,Claretta,104
,Elnora,104
,Ullivieri,104
,Nerina,104
,Colombina,104
,Saverio,104
,Augusto,104
,Vanna,104
,Cecilia,104
,Celso,104
,Bartolommeo,104
,Raimonda,104
,Domenico,104
,Sabrina,104
,Blanca,104
,Amando,104
,Elma,104
,Masima,104
,Roma,104
,Antonino,104
,Edmonda,104
,Francesca,104
,Michaelangelo,104
,Panfilo,104
,Felippo,104
,Teofilo,104
,Editta,104
,Alberto,104
,Graziano,104
,Firmino,104
,Marinella,104
,Filippa,104
,Severo,104
,Bonifacia,104
,Georgio,104
,Vittore,104
,Traviata,104
,Jacopo,104
,Lothario,104
,Benjamin,104
,Tacito,104
,Agostino,104
,Saveria,104
,Davide,104
,Rudolpho,104
,Attilio,104
,Lucrezia,104
,Alfredo,104
,Sansone,104
,Girolamo,104
,Bambi,104
,Pippo,104
,Riccardo,104
,Cipriano,104
,Beatrice,104
,Angel,104
,Damiano,104
,Desi,104
,Alvise,104
,Adriana,104
,Cristiano,104
,Camila,104
,Colombo,104
,Marcella,104
,Andreana,104
,Brunilda,104
,Angelo,104
,Gioffreda,104
,Milada,104
,Crescenzo,104
,Calogero,104
,Vanni,104
,Agapeto,104
,Sigismonda,104
,Eleonora,104
,Simonetta,104
,Arianna,104
,Franca,104
,Cross,104
,Teodosio,104
,Cosma,104
,Cira,104
,Constantia,104
,Carla,104
,Annetta,104
,Marzio,104
,Carlotta,104
,Abramo,104
,Guido,104
,Annunziata,104
,Lippo,104
,Leonora,104
,Celio,104
,Fons,104
,Fedele,104
,Anatolio,104
,Edmondo,104
,Sachetan,104
,Alonza,104
,Innocenzio,104
,Ippolito,104
,Addolorata,104
,Bettina,104
,Vicenzo,104
,Raffaello,104
,Brunela,104
,Cinzia,104
,Cristina,104
,Elmo,104
,Celia,104
,Capricia,104
,Suzetta,104
,Oria,104
,Arvella,104
,Amaranta,104
,Casimiro,104
,Amerigo,104
,Serafino,104
,Margarita,104
,Gianpaolo,104
,Erminio,104
,Basilio,104
,Biagio,104
,Claudia,104
,Remo,104
,Otavia,104
,Albina,104
,Cirillo,104
,Dominico,104
,Cesarina,104
,Colombano,104
,Sandra,104
,Eustachio,104
,Dario,104
,Enea,104
,Rodolfo,104
,Alfeo,104
,Carlo,104
,Anjelo,104
,Vito,104
,Urbano,104
,Arabella,104
,Crocifisso,104
,Chiara,104
,Adrienna,104
,Angelica,104
,Anonciada,104
,Nicola,104
,Berta,104
,Ceanna,104
,Carmina,104
,Pancrazio,104
,Serena,104
,Donya,104
,Albertina,104
,Roque,104
,Germano,104
,Crocifissa,104
,Elenora,104
,Consolata,104
,Caren,104
,Amedeo,104
,Agata,104
,Francesco,104
,Ludovica,104
,Achille,104
,Irene,104
,Ambrogio,104
,Alessandra,104
,Vasilios,104
,Pasqualina,104
,Maxmiliano,104
,Gabriele,104
,Bice,104
,Tito,104
,Cola,104
,Antonietta,104
,Carlino,104
,Donato,104
,Filipo,104
,Palmiro,104
,Allegra,104
,Clarissa,104
,Donatello,104
,Costanzo,104
,Fabiola,104
,Giotto,104
,Margherita,104
,Donte,104
,Concetta,104
,Calandra,104
,Nerio,104
,Michel,104
,Simone,104
,Daniele,104
,Gia,104
,Federico,104
,Alonzo,104
,Humiliana,104
,Dezi,104
,Baldassare,104
,Ambra,104
,Mylon,104
,Abriana,104
,Serafina,104
,Gessica,104
,Constanza,104
,Trista,104
,Floriana,104
,Anna,104
,Annunciata,104
,Maddalena,104
,Arduino,104
,Crista,104
,Ampelio,104
,Biagino,104
,Gavino,104
,Zan,104
,Ernesto,104
,Clara,104
,Corradeo,104
,Nicolas,104
,Aldo,104
,Chiarina,104
,Calvino,104
,Filippo,104
,Emma,104
,Amato,104
,Armino,104
,Antonello,104
,Giannino,104
,Romy,104
,Romeo,104
,Alberta,104
,Mauro,104
,Cristoforo,104
,Giraldo,104
,Eulalia,104
,Pia,104
,Rosana,104
,Adalfieri,104
,Maximino,104
,Caprice,104
,Felisa,104
,Dante,104
,Corrado,104
,Taddeo,104
,Fabio,104
,Vico,104
,Rosanna,104
,Philippa,104
,Milan,104
,Siffredo,104
,Gabriella,104
,Giosetta,104
,Baldovino,104
,Arsenio,104
,Belveder,104
,Geanna,104
,Orlanda,104
,Cesarino,104
,Adalina,104
,Lauretta,104
,Lacole,104
,Callisto,104
,Tristano,104
,Bernardo,104
,Romolo,104
,Olimpia,104
,Benigno,104
,Cencio,104
,Croccifixio,104
,Gioconda,104
,Demetrio,104
,Noelia,104
,Michaela,104
,Kamie,104
,Calvina,104
,Rufina,104
,Marcia,104
,Guiditta,104
,Concettina,104
,Pasqualino,104
,Alda,104
,Bertrando,104
,Agapito,104
,Benvenuto,104
,Piera,104
,Antoinette,104
,Antonio,104
,Anastagio,104
,Raffaella,104
,Antonella,104
,Clarice,104
,Gian,104
,Giuseppa,104
,Carolina,104
,Baptiste,104
,Primavera,104
,Ernesta,104
,Doreen,104
,Beatie,104
,Pio,104
,Henry,104
,Gelsomina,104
,Sandro,104
,Mona,104
,Cirino,104
,Adelina,104
,Agostina,104
,Azzurra,104
,Giampiero,104
,Michell,104
,Desiderio,104
,Adriano,104
,Carmine,104
,Lino,104
,Cecilio,104
,Timoteo,104
,Bernardetta,104
,Camillo,104
,Bibiana,104
,Barbara,104
,Aryana,104
,Benedetto,104
,Sal,104
,Bautista,104
,Gaetan,104
,Zeta,104
,Brigida,104
,Leopoldo,104
,Abele,104
,Cleto,104
,Bernardino,104
,Marcelino,104
,Patrizia,104
,Arietta,104
,Donatella,104
,Carine,104
,Elena,104
,Rosangela,104
,Cedrina,104
,Ciro,104
,Laurenza,104
,Debora,104
,Saturno,104
,Crysta,104
,Bonafila,104
,Fabrice,104
,Noemi,104
,Mara,104
,Aurelio,104
,Marzia,104
,Kamelia,104
,Angela,104
,Cosimo,104
,Luka,104
,Adelaisa,104
,Arrighetto,104
,Renardo,104
,Dino,104
,Gioachino,104
,Beppe,104
,Cosima,104
,Ferdinanda,104
,Remigio,104
,Geno,104
,Ghita,104
,Annamarie,104
,Alrigo,104
,Ennio,104
,Carmela,104
,Nevio,104
,Simona,104
,Bruna,104
,Hieronomo,104
,Assunta,104
,Bruns,104
,Bianca,104
,Osvaldo,104
,Oriana,104
,Geovanna,104
,Ludovico,104
,Anastasio,104
,Adamo,104
,Adolfo,104
,Benedetta,104
,Arnaldo,104
,Alfonsina,104
,Alessandro,104
,Eusebio,104
,Amedea,104
,Marino,104
,Aroldo,104
,Camelia,104
,Olga,104
,Costantino,104
,Armando,104
,Donia,104
,Antonia,104
,Celeste,104
,Mozart,104
,Bruno,104
,Carina,104
,Bella,104
,Crocetta,104
,Carmelina,104
,Loretto,104
,Calogera,104
,Beniamino,104
,Geovani,104
,Agnese,104
,Benito,104
,Annalisa,104
,Leonzio,104
,Conchetta,104
,Adalberto,104
,Bartolomeo,104
,Jianna,104
,Fiorenzo,104
,Cristiana,104
,Anzia,104
,Celestino,104
,Armanno,104
,Anselmo,104
,Nolita,104
,Giorgio,104
,Federica,104
,Umberto,104
,Lauro,104
,Biaggio,104
,Bartolo,104
,Cipriana,104
,Tina,104
,Ciriaco,104
,Arcangelo,104
,Capri,104
,Teofila,104
,Graziella,104
,Primo,104
,Gisella,104
,Benigna,104
,Bianka,104
,Jemma,104
,Vincente,104
,Andrea,104
,Bionca,104
,Bonfilia,104
,Bertoldo,104
,Aida,104
,Claudio,104
,Alphonso,104
,Graziana,104
,Domenica,104
,Anunciata,104
,Ortensia,104
,Clariss,104
,Celino,104
,Vitalia,104
,Cienna,104
,Floriano,104
,Cirilo,104
,Flaminia,104
,Arrigo,104
,Constantina,104
,Luca,104
,Amadeo,104
,Giampaolo,104
,Caterina,104
,Toru,107
,Kisho,107
,Michi,107
,Mamoru,107
,Kazuhiko,107
,Daisuke,107
,Tsuyoshi,107
,Hiroshi,107
,Katsu,107
,Nori,107
,Toshiaki,107
,Nobuo,107
,Botan,107
,Yutaka,107
,Arata,107
,Akiyama,107
,Yoshikazu,107
,Susumu,107
,Hiromi,107
,Taro,107
,Minoru,107
,Naoko,107
,Mitsuo,107
,Shiro,107
,Kane,107
,Naoki,107
,Madoka,107
,Kazuki,107
,Masao,107
,Hiroki,107
,Yoshiaki,107
,Hisao,107
,Masato,107
,Tsuneo,107
,Dai,107
,Akihiko,107
,Shinji,107
,Ryuichi,107
,Kunio,107
,Yoichi,107
,Hikaru,107
,Haruo,107
,Goro,107
,Raiden,107
,Daiki,107
,Masashi,107
,Seiji,107
,Yoshito,107
,Mikio,107
,Saburo,107
,Tatsuo,107
,Takahiro,107
,Ryo,107
,Tomi,107
,Joji,107
,Uyeda,107
,Seiichi,107
,Ronin,107
,Tadashi,107
,Jiro,107
,Teruo,107
,Hideo,107
,Samuru,107
,Shuji,107
,Yuji,107
,Iwao,107
,Toshihiro,107
,Shinichi,107
,Takeshi,107
,Sin'ichi,107
,Yoshio,107
,Keiji,107
,Ringo,107
,Minori,107
,Fudo,107
,Isao,107
,Koji,107
,Shunichi,107
,Yoshi,107
,Rafu,107
,Aki,107
,Shoichi,107
,Fujita,107
,Toshio,107
,Fumio,107
,Kichiro,107
,Masayoshi,107
,Kenji,107
,Ryota,107
,Michio,107
,Yasushi,107
,Shig,107
,Satoshi,107
,Eiji,107
,Masayuki,107
,Amida,107
,Akio,107
,Osamu,107
,Keiichi,107
,Kanaye,107
,Tadao,107
,Masanori,107
,Masahiko,107
,Hideki,107
,Masakazu,107
,Tetsip,107
,Shigeru,107
,Daichi,107
,Haru,107
,Shoji,107
,Masuyo,107
,Shichiro,107
,Nao,107
,Juro,107
,Tamotsu,107
,Nobuyuki,107
,Izanagi,107
,Shima,107
,Yukio,107
,Tetsuya,107
,Toyo,107
,Masaru,107
,Katsuo,107
,Shigeo,107
,Ryozo,107
,Hotaka,107
,Hachiro,107
,Kiyoshi,107
,Toshiyuki,107
,Ken,107
,Kuro,107
,Kin,107
,Yemon,107
,Hiroaki,107
,Katashi,107
,Masaaki,107
,Hitoshi,107
,Kenshin,107
,Rokuro,107
,Masa,107
,Akira,107
,Makoto,107
,Kioshi,107
,Sadao,107
,Mitsuru,107
,Yuu,107
,Yogi,107
,Hajime,107
,Jun,107
,Masaki,107
,Noboru,107
,Tatsuya,107
,Hideaki,107
,Ryuu,107
,Manabu,107
,Yoshihiro,107
,Yasuhiro,107
,Nobu,107
,Katsuro,107
,Takumi,107
,Yori,107
,Jo,107
,Takehiko,107
,Kano,107
,Takao,107
,Senichi,107
,Hiromasa,107
,Ryoichi,107
,Atsushi,107
,Yuudai,107
,Kenichi,107
,Tama,107
,Yoshimitsu,107
,Takeo,107
,Akihiro,107
,Hiro,107
,Akemi,107
,Miki,107
,Hiroyuki,107
,Kazuo,107
,Ichiro,107
,Masahiro,107
,Kohaku,107
,Kenta,107
,Jun ichi,107
,Yasuo,107
,Yasahiro,107
,Hisoka,107
,Shigekazu,107
,Tsutomu,107
,Satoru,107
,Koichi,107
,Shin,107
,Norio,107
,Yoshiro,107
,Tomio,107
,Takayuki,107
,Kyo,107
,Yuki,107
,Isas,107
,Yuri,107
,Isamu,107
,Yoshinori,107
,Takashi,107
,Yuichi,107
,Hisashi,107
,Kazuhiro,107
,Toshi,107
,Shuichi,107
,Yoshiyuki,107
,Hamidi,110
,Kinaya,110
,Kaluwa,110
,Penda,110
,Maskini,110
,Ikeno,110
,Habib,110
,Zaida,110
,Kifeda,110
,Sauda,110
,Halima,110
,Hasanati,110
,Itanya,110
,Ashura,110
,Bayana,110
,Bakari,110
,Chiku,110
,Mbita,110
,Tisa,110
,Aisha,110
,Yahya,110
,Fatuma,110
,Himaya,110
,Maji,110
,Dinka,110
,Zawadi,110
,Zakiya,110
,Mwinyi,110
,Huseina,110
,Hamadi,110
,Mune,110
,Kiama,110
,Endana,110
,Umija,110
,Kenithia,110
,Panya,110
,Afiya,110
,Koman,110
,Barasa,110
,Tuliza,110
,Jamani,110
,Hawa,110
,Rehema,110
,Jamaa,110
,Tabia,110
,Issa,110
,Jahaira,110
,Chanua,110
,Tabara,110
,Oyana,110
,Majida,110
,Nbushe,110
,Pasua,110
,Tuwife,110
,Rukiya,110
,Hasana,110
,Majda,110
Ondego,Victor,110
,Ramadhani,110
,Radhiya,110
,Kinjia,110
,Imarisha,110
,Ashanti,110
,Elea,110
,Azizi,110
,Mosi,110
,Barika,110
,Inithia,110
,Kijakazi,110
,Jamba,110
,Mwatabu,110
,Masika,110
,Otesha,110
,Nurisha,110
,Sefu,110
,Budhya,110
,Dalila,110
,Chriki,110
,Malika,110
,Simba,110
,Lindia,110
,Nyo,110
,Halina,110
,Kiira,110
,Kanene,110
,Farijika,110
,Marini,110
,Khalfani,110
,Milima,110
,Jela,110
,Therania,110
,Duma,110
,Arusi,110
,Chitundu,110
,Shauriana,110
,Imani,110
,Dhamiria,110
,Jehlani,110
,Taabu,110
,Amana,110
,Angalia,110
,Maliza,110
,Umoja,110
,Mzuzi,110
,Lindana,110
,Ayubu,110
,Ujana,110
,Kobe,110
,Abdalla,110
,Siwazuri,110
,Nadira,110
,Shanny,110
,Kichea,110
,Darweshi,110
,Rasida,110
,Marijani,110
,Zuri,110
,Aluna,110
,Kesi,110
,Busara,110
,Shauri,110
,Adia,110
,Beno,110
,Okapi,110
,Kanika,110
,Mwanaidi,110
,Rashid,110
,Kitwana,110
,Kakena,110
,Safiri,110
,Mkiwa,110
,Fikira,110
,Saada,110
,Abdu,110
,Tambo,110
,Sanura,110
,Keanjaho,110
,Adhama,110
,Raziya,110
,Kamara,110
,Waseme,110
,Busar,110
,Goma,110
,Inira,110
,Salama,110
,Muraty,110
,Musa,110
,Juma,110
,Sikudhani,110
,Tamu,110
,Mahiri,110
,Ashonti,110
,Hamisi,110
,Nigesa,110
,Rajabu,110
,Kenura,110
,Chagina,110
,Jiona,110
,Imara,110
,Mwasaa,110
,Madaadi,110
,Chilemba,110
,Onyesha,110
,Kwashi,110
,Jafari,110
,Hasina,110
,Njowga,110
,Keambiroiro,110
,Heshima,110
,Abbo,110
,Daudi,110
,Asya,110
,Kamaria,110
,Jina,110
,Maridhia,110
,Shomari,110
,Badru,110
,Najuma,110
,Mhina,110
,Mpenda,110
,Kilinda,110
,Muhammed,110
,Mwanahamisi,110
,Amani,110
,Kalere,110
,Jumaane,110
,Taji,110
,Faraji,110
,Abasi,110
,Tian,110
,Sultan,110
,Ayo,110
,Kwanzaa,110
,Dalia,110
,Ujamaa,110
,Bavana,110
,Hadiya,110
,Zakia,110
,Risala,110
,Karama,110
,Elewa,110
,Hanif,110
,Gethera,110
,Kiania,110
,Hali,110
,Subira,110
,Shani,110
,Halisi,110
,Tia,110
,Koffi,110
,Andaiye,110
,Atieno,110
,Nyota,110
,Bwana,110
,Kanisa,110
,Zahra,110
,Kito,110
,Salene,110
,Azima,110
,Jaha,110
,Msia,110
,Aleela,110
,Siti,110
,Bayinika,110
,Kudio,110
,Zawati,110
,Aishia,110
,Safika,110
,Ayah,110
,Haoniyao,110
,Mtupeni,110
,Rashida,110
,Winda,110
,Kibibi,110
,Mshindi,110
,Lisha,110
,Ashon,110
,Khadija,110
,Jama,110
,Elim,110
,Endelea,110
,Atiena,110
,Kuende,110
,Elimisha,110
,Kereenyaga,110
,Usia,110
,Zuwena,110
,Kamari,110
,Chane,110
,Salehe,110
,Fanaka,110
,Usian,110
,Hodari,110
,Ashante,110
,Siwazuru,110
,Moyo,110
,Amanika,110
,Chinira,110
,Neema,110
,Bahati,110
,Maulidi,110
,Zahur,110
,Anasa,110
,Mashika,110
,Julisha,110
,Baraka,110
,Madini,110
,Dafina,110
,Jata,110
,Rasheda,110
,Jamal,110
,Akina,110
,Malkia,110
,Mwamini,110
Mobramaein,Afshin,137
Wiersma,Rixt,150
Mendoza,Nicole,169
Sy,Andrea,169
,Roman,171
,Martyna,171
,Szczesny,171
,Helena,171
,Jozozef,171
,Stanislawa,171
,Walenty,171
,Tobiasz,171
,Gabryjel,171
,Bartosz,171
,Salomea,171
,Waldemar,171
,Judyta,171
,Ksawery,171
,Jacek,171
,Aureliusz,171
,Aleksander,171
,Alka,171
,Korneliusz,171
,Gerwazy,171
,Rajmund,171
,Adok,171
,Wicent,171
,Julianna,171
,Tymon,171
,Yusef,171
,Augustyna,171
,Hilary,171
,Ziven,171
,Cecylia,171
,Frydrych,171
,Gizela,171
,Przemek,171
,Zdzislaw,171
,Hortenspa,171
,Klemens,171
,Fidelis,171
,Apoloniusz,171
,Seweryna,171
,MichaL,171
,Tamary,171
,Bialy,171
,Gawel,171
,Sabiny,171
,Adelajda,171
,Kinga,171
,Florentyna,171
,Urszula,171
,Joasia,171
,Nelek,171
,Roscislawa,171
,Czeslawa,171
,Olees,171
,Cyryl,171
,Jana,171
,Patek,171
,Ignacy,171
,Karol,171
,Elzbieta,171
,Bozydar,171
,Jaroslawa,171
,Zenon,171
,Wandy,171
,Henryk,171
,Michal,171
,Kasper,171
,Mscislaw,171
,Machas,171
,Renal,171
,Lew,171
Von Brzeski,Vadim,171
,Teodor,171
,Gutka,171
,Madde,171
,Mikolaj,171
,Kacper,171
,Teodozji,171
,Edward,171
,Wiga,171
,Wlodek,171
,Henka,171
,Dobroslaw,171
,RadomiLa,171
,Katarzyna,171
,Jozozefa,171
,Izaak,171
,Daniel,171
,Arkadiusz,171
,Maryla,171
,Idzi,171
,Bogumil,171
,Matylda,171
,Oles,171
,Swietomierz,171
,Klementyna,171
,Dita,171
,Stanislaw,171
,Agata,171
,Eugeniusz,171
,Dorofiej,171
,Przemysl,171
,Brunon,171
,Roscislaw,171
,Lucja,171
,Bozena,171
,Rita,171
,Kassia,171
,Korneli,171
,Anastazy,171
,Wladislav,171
,Gabrjel,171
,Tymoteusz,171
,Diana,171
,Basha,171
,Karin,171
,Magda,171
,Jedrek,171
,Bendek,171
,Cibor,171
,Marik,171
,Oliwia,171
,Borys,171
,Kaja,171
,Aurek,171
,Macee,171
,Dobry,171
,Hanna,171
,Zbigniew,171
,Eufemia,171
,Boguslawa,171
,Teodozja,171
,Marcelina,171
,Wlodzislaw,171
,Zygmunt,171
,Leslaw,171
,Ludoslaw,171
,Jacenty,171
,Donat,171
,Rudolf,171
,Yozef,171
,Joanny,171
,Justyna,171
,Eligia,171
,Benedykt,171
,Nestor,171
,Kazimierz,171
,Ksenia,171
,Marzena,171
,Tekla,171
,Albin,171
,Lubomierz,171
,Gertruda,171
,Gustaw,171
,Mariusz,171
,Filip,171
,Agnieszka,171
,Walentyna,171
,Stasio,171
,Bolek,171
,Izabella,171
,Lukasz,171
,Rahel,171
,Rafal,171
,Kleopatra,171
,Laura,171
,Jedrik,171
,Ludmita,171
,Kazio,171
,Miroslaw,171
,Walter,171
,Onufry,171
,Malwina,171
,Tola,171
,Felicjan,171
,Anastazja,171
,Slawomir,171
,Jadwiga,171
,Dionizy,171
,Kornelia,171
,Izabel,171
,Yachne,171
,Wioletta,171
,Maurycy,171
,Malina,171
,Anieli,171
,Witek,171
,Felicyta,171
,Milek,171
,Alojzy,171
,Irena,171
,Liuz,171
,Genek,171
,Bronislawa,171
,Ziemowit,171
,Szczepan,171
,Teodorya,171
,WitoLd,171
,Konstancji,171
,Rozalia,171
,Aniela,171
,Ireneusz,171
,Konstancja,171
,Leslawa,171
,Grzegorz,171
,Lechoslaw,171
,Emeryk,171
,Miron,171
,Ludwik,171
,Katrine,171
,Olaf,171
,Marcely,171
,Weronikya,171
,Przemko,171
,Tomasz,171
,Rufin,171
,Bartlomiej,171
,Amelia,171
,Minka,171
,Lechoslawa,171
,Wiktor,171
,Boleslaw,171
,Zarek,171
,Wira,171
,Makary,171
,Nadzia,171
,Serafin,171
,Halina,171
,Longin,171
,Wlodzimierz,171
,Jedrzej,171
,Irenka,171
,Patryk,171
,Eliasz,171
,Wiktoria,171
,Genowefa,171
,Patrycja,171
,Maury,171
,Dorek,171
,Beatrycze,171
,Pelagia,171
,Pawel,171
,Celestyn,171
,Janek,171
,Aleksy,171
,Eustachy,171
,Sulislaw,171
,Cyprian,171
,Antonina,171
,Gabrys,171
,Janusz,171
,Fryderyk,171
,Swietopelk,171
,Felicja,171
,Eligiusz,171
,Wanda,171
,Valentyn,171
Derezinski,Michal,171
,Tedorik,171
,Henryka,171
,Ksena,171
,Julitta,171
,Valeska,171
,Bryga,171
,Karina,171
,Zygfryd,171
,Edyta,171
,Dyta,171
,Oskar,171
,Metody,171
,Nelka,171
,Slawek,171
,Aron,171
,Nadzieja,171
,Bogna,171
,Tytus,171
,Jaroslaw,171
,Marcin,171
,Lucjusz,171
,Krystyn,171
,Florian,171
,Damian,171
,Wicktoria,171
,Zuzanna,171
,Fil,171
,Krystian,171
,Julita,171
,Mieszko,171
,Dobroslawa,171
,Szczeosny,171
,Malgorzata,171
,Radoslaw,171
,Holieb,171
,Marianna,171
,Hipolit,171
,Konrad,171
,Cecilia,171
,Berta,171
,Joanka,171
,Pawl,171
,Wisia,171
,Pela,171
,Blanka,171
da Camara,Suzanne,173
Cordova Sanchez,Mariheida,174
,Zinaida,178
,Diana,178
,Florentina,178
,Elena,178
,Galina,178
,David,178
,Renata,178
,Vladimir,178
,Georgy,178
,Yana,178
,Alexander,178
,Nikita,178
,Veniamin,178
,Natalya,178
,Valery,178
,Antonina,178
,Varvara,178
,Yaroslava,178
,Marat,178
,Veronika,178
,Maya,178
,Ulyana,178
,Nika,178
,Anastasiya,178
,Valentina,178
,Svetlana,178
,Lucya,178
,Emma,178
,Gavriil,178
,Iskra,178
,Liliya,178
,Immanuil,178
,Ruslan,178
,Vladislav,178
,Yakov,178
,Spartak,178
,Stepan,178
,Izabella,178
,Ekaterina,178
,Roman,178
,Artyom,178
,Semyon,178
,Elizaveta,178
,Nikolay,178
,Vladlena,178
,Alisa,178
,Nelly,178
,Kseniya,178
,Rostislav,178
,Zlata,178
,Viktor,178
,Rozalina,178
,Lubov,178
,Gennady,178
,Konstantin,178
,Emilia,178
,Anton,178
,Yaroslav,178
,Raisa,178
,Rada,178
,Olesya,178
,Polina,178
,Stanislav,178
,Alla,178
,Makar,178
,Gleb,178
,Garry,178
,Izolda,178
,Sergei,178
,Gerasim,178
,Nadezhda,178
,Maxim,178
,Vlad,178
,Kristina,178
,Eduard,178
,Nonna,178
,Faina,178
,Marta,178
,Mikhail,178
,Zoya,178
,Leonid,178
,Valeriya,178
,Ivan,178
,Lada,178
,Sofia,178
,Pronunciation,178
,Kirill,178
,Nestor,178
,Dominika,178
,Pavel,178
,Andrei,178
,Ludmila,178
,Abram,178
,Irina,178
,Alexei,178
,Artur,178
,Nina,178
,Denis,178
,Larisa,178
,Fedosia,178
,Boris,178
,Inessa,178
,Anzhelika,178
,Vasily,178
,Vadim,178
,Kapitolina,178
,Valentin,178
,Anatoly,178
,Dmitry,178
,Taisia,178
,Lidiya,178
,Evgeniya,178
,Zakhar,178
,Lev,178
,Klavdiya,178
,Klara,178
,Evgeny,178
,Taras,178
,Viktoriya,178
,Zhanna,178
,Elvira,178
,Inga,178
,Erik,178
,Vyacheslav,178
,Yegor,178
,Iosif,178
,Vasilisa,178
,Darya,178
,Marina,178
,Eva,178
,Daniil,178
,Yefim,178
,Oleg,178
,Grigory,178
,Albert,178
,Illarion,178
,Vsevolod,178
,Alexandra,178
,Tatyana,178
,Anfisa,178
,Olga,178
,Alina,178
,Mariya,178
,Yury,178
,Timofei,178
,Klementina,178
,Margarita,178
,Tamara,178
,Igor,178
,Arkady,178
,Oksana,178
,Vitaly,178
,Anna,178
,German,178
,Arseny,178
,Afanasy,178
,Alyona,178
,Bogdan,178
,Vera,178
,Peter,178
,Malvina,178
,Yuliya,178
,Matvei,178
,Inna,178
,Dina,178
,Leo,178
,Regina,178
,Albina,178
Yun,Hyokun,201
Choi,Joon Hee,201
Jeon,Myoung Hoon,201
Choi,Stephen,201
,Apolonio,203
,Vladimiro,203
,Alta,203
,Andres,203
,Fructuoso,203
,Abejundio,203
,Cordero,203
,Fructuosa,203
,Aristeo,203
,Altagracia,203
,Pancho,203
,Crisostomo,203
,Xeneroso,203
,Azael,203
,Atreo,203
,Elonzo,203
,Georgina,203
,Damario,203
,Pepe,203
,Karyme,203
,Jair,203
,Analena,203
,Guillerma,203
,Trella,203
,Libio,203
,Heraclio,203
,Justiniana,203
,Belia,203
,Jaeda,203
,Focio,203
,Karlos,203
,Senalda,203
,Incarnazion,203
,Abila,203
,Porfirio,203
,Valien,203
,Catarino,203
,Felicisima,203
,Fermin,203
,Laszio,203
,Rolando,203
,Maite,203
,Sevilla,203
,Alfonsa,203
,Remedio,203
,Raimunda,203
,Armada,203
,Infantita,203
,Gorane,203
,Nalleli,203
,Amparo,203
,Florisel,203
,Jairo,203
,Ofelia,203
,Jaguar,203
,Anahi,203
,Ria,203
,Macario,203
,Epifanio,203
,Melibea,203
,Naolin,203
,Democles,203
,Ramirez,203
,Calixto,203
,Decarlos,203
,Mireia,203
,Deina,203
,Xochitl,203
,Rigaberto,203
,Itzel,203
,Arely,203
,Salinas,203
,Cancianila,203
,Anitra,203
,Sorya,203
,Tequilla,203
,Dionisio,203
,Regla,203
,Gencio,203
,Alejandro,203
,Marquetta,203
,Felicidad,203
,Victor,203
,Rio,203
,Rodolfo,203
,Jose,203
,Isabel,203
,Pilar,203
,Ganimedes,203
,Hector,203
,Adolfina,203
,Felix,203
,Asalia,203
,Carmen,203
,Agusto,203
,Necha,203
,Silvia,203
,Hidalgo,203
,Engracia,203
,Hipolito,203
,Libia,203
,Nestor,203
,Concelia,203
,Blasios,203
,Lelio,203
,Osias,203
,Begona,203
,Alamar,203
,Rosemaria,203
,Donaldo,203
,Chela,203
,Xusto,203
,Alfonso,203
,Elfelda,203
,Malaquias,203
,Prudenciana,203
,Gilberto,203
,Chago,203
,Graciano,203
,Dita,203
,Zimena,203
,Presencia,203
,Pefilia,203
,Grau,203
,Arsenio,203
,Savannah,203
,Jaidyn,203
,Armonda,203
,Conrado,203
,Dinora,203
,Espiridiana,203
,Segundino,203
,Almudena,203
,Denis,203
,Julia,203
,Agraciana,203
,Consuela,203
,Estefania,203
,Tino,203
,Ventura,203
,Deocaro,203
,Efenia,203
,Lur,203
,Socorro,203
,Savana,203
,Landa,203
,Pabiola,203
,Jamecia,203
,Adelmo,203
,Jaime,203
,Damasia,203
,Zaina,203
,Teresa,203
,Patricio,203
,Apolinaria,203
,Aleja,203
,Fraterno,203
,Bebe,203
,Asunta,203
,Caparina,203
,Herculano,203
,Anelina,203
,Yncarnacion,203
,Arcadio,203
,Cezar,203
,Eladio,203
,Celadonia,203
,Rudencinda,203
,Dasio,203
,Rosalind,203
,Mayte,203
,Marceliano,203
,Eberto,203
,Llesenia,203
,Huberto,203
,Nelo,203
,Ignacio,203
,Alonso,203
,Vincente,203
,Palemon,203
,Tatius,203
,Macarena,203
,Alazne,203
,Zarita,203
,Legarre,203
,Xevera,203
,Bricia,203
,Adana,203
,Acalan,203
,Asella,203
,Oswaldo,203
,Belinda,203
,Jenaro,203
,Ramiero,203
,Amancio,203
,Pabla,203
,Luminosa,203
,Fidencio,203
,Guadalupe,203
,Baldomera,203
,Encarnacion,203
,Morganda,203
,Jayde,203
,Taciano,203
,Eustacio,203
,Acilino,203
,Faroh,203
,Roberto,203
,Remedios,203
,Mahogany,203
,Belarmina,203
,Isobel,203
,Pepita,203
,Jesus,203
,Onesimo,203
,Rogelio,203
,Aracely,203
,Manuel,203
,Sergio,203
,Teyo,203
,Vitoria,203
,Carlos,203
,Sereno,203
,Edelmera,203
,Amora,203
,Calala,203
,Andrea,203
,Juan,203
,Incencio,203
,Decoroso,203
,Marita,203
,Tiburcia,203
,Adelia,203
,Benicio,203
,Pascuala,203
,Bertin,203
,Angilberto,203
,Briseida,203
,Olivero,203
,Chenche,203
,Martez,203
,Maritza,203
,Basilio,203
,Turi,203
,Nuela,203
,Fortunato,203
,Clodoveo,203
,Filadelfo,203
,Aldonza,203
,Anton,203
,Maximiano,203
,Marisabela,203
,Estevan,203
,Mique,203
,Nemesio,203
,Anatalia,203
,Edgardo,203
,Eldora,203
,Orfalinda,203
,Oleda,203
,Cid,203
,Dexter,203
,Ernesta,203
,Ricardo,203
,Gaspara,203
,Chilo,203
,Oalo,203
,Abrille,203
,Ermano,203
,Castel,203
,Siervo,203
,Tararia,203
,Josemanuel,203
,Adalcira,203
,Maciel,203
,Estefany,203
,Pedro,203
,Avellino,203
,Niguel,203
,Varian,203
,Maricruz,203
,Ezio,203
,Martese,203
,Crescensia,203
,Nicolasa,203
,Quintiliano,203
,Henriqua,203
,Afrika,203
,Reymundo,203
,Romulus,203
,Clarita,203
,Alberto,203
,Lorenzo,203
,Primitivo,203
,Maribel,203
,Jesusa,203
,Montego,203
,Zacaris,203
Yi-Luen Do,Ellen,212
,Sempa,222
,Ata,222
,Gizem,222
,Semaj,222
,Emin,222
,Rasha,222
,Mamun,222
,Taze,222
,Ilkin,222
,Aliye,222
,Berk,222
,Ketifa,222
,Inci,222
,Neshele,222
,Said,222
,Elma,222
,Eser,222
,Ramadan,222
,Ibrahim,222
,Unjo,222
,Turan,222
,Lamya,222
,Bulut,222
,Feza,222
,Soner,222
,Thabit,222
,Evner,222
,Kudret,222
,Savas,222
,Tabari,222
,Nergis,222
,Naila,222
,Tarbula,222
,Derya,222
,Mesud,222
,Fatimah,222
,Cemal,222
,Erdogan,222
,Necati,222
,Yavuz,222
,Omer,222
,Umita,222
,Simge,222
,Arka,222
,Emel,222
,Tabib,222
,Elif,222
,Khan,222
,Aylin,222
,Kuvet,222
,Sinan,222
,Himmet,222
,Arash,222
,Fatma,222
,Semra,222
,Halit,222
,Nazik,222
,Kemal,222
Baykal,Su,222
,Akila,222
,Bedir,222
,Ottmar,222
,Irmak,222
,Ediz,222
,Ufuk,222
,Pembe,222
,Deniz,222
,Tulaya,222
,Reyhan,222
,Kuva,222
,Altan,222
,Su,222
,Ozturk,222
,Qamar,222
,Husamettin,222
,Mesut,222
,Halim,222
,Duygu,222
,Guul,222
,Zeheb,222
,Ozkan,222
,Faruk,222
,Filiz,222
,Mehmed,222
,Bari,222
,Hazan,222
,Merak,222
,Yildiz,222
,Sabiya,222
,Hakeem,222
,Fidan,222
,Sebnem,222
,Esin,222
,Esen,222
,Aysen,222
,Belgin,222
,Metin,222
,Guulistan,222
,Emine,222
,Osman,222
,Yagmur,222
,Aykut,222
,Zulma,222
,Gulsen,222
,Ayla,222
,Kahraman,222
,Nilufer,222
,Asli,222
,Dolunay,222
,Shaza,222
,Havva,222
,Kelebek,222
,Murat,222
,Halil,222
,Halime,222
,Jadallah,222
,Kadir,222
,Sema,222
,Ceren,222
,Eren,222
,Kadim,222
,Gonca,222
,Meryem,222
,Jamilia,222
,Selim,222
,Neylan,222
,Talih,222
,Kadira,222
,Serkan,222
,Iskender,222
,Oz,222
,Umay,222
,Arif,222
,Mihriban,222
,Volkan,222
,Tunc,222
,Salik,222
,Enver,222
,Yesim,222
,Baris,222
,Mehmet,222
,Sevim,222
,Gonul,222
,Nada,222
,Shakela,222
,Cairo,222
,Bercu,222
,Hasad,222
,Iskander,222
,Can,222
,Esma,222
,Berna,222
,Coskun,222
,Sevgi,222
,Muge,222
,Abbas,222
,Koray,222
,Altair,222
,Zehiya,222
,Goker,222
,Tulay,222
,Maja,222
,Huri,222
,Baki,222
,Ozlem,222
,Kerem,222
,Cengiz,222
,Lale,222
,Cagri,222
,Hulya,222
,Onur,222
,Yurcel,222
,Bora,222
,Gozde,222
,Yonca,222
,Rabia,222
,Uner,222
,Fusun,222
,Bagatur,222
,Temin,222
,Eyup,222
,Dija,222
,Eylem,222
,Baghadur,222
,Melek,222
,Bahi,222
,Badia,222
,Tugay,222
,Aygul,222
,Sukru,222
,Berkant,222
,Feride,222
,Samira,222
,Kiral,222
,Nuray,222
,Sahara,222
,Dilek,222
,Elmas,222
,Serhat,222
,Berker,222
,Hud,222
,Turgay,222
,Sener,222
,Tolga,222
,Suleyman,222
,Melika,222
,Ozqur,222
,Emre,222
,Candan,222
,Zerrin,222
,Kebir,222
,Ozcicek,222
,Xerxes,222
,Levent,222
,Aydin,222
,Yesenia,222
,Basak,222
,Erdem,222
,Umit,222
,Hakan,222
,Bilge,222
,Naji,222
,Cagdas,222
,Jebran,222
,Rakin,222
,Nesrin,222
,Yeter,222
,Ilhan,222
,Nche,222
,Temel,222
,Messut,222
,Baghatur,222
,Aysel,222
,Ayse,222
,Ziya,222
,Ebru,222
,Ihsan,222
,Erol,222
,Direnc,222
,Ahmad,222
,Yaz,222
,Madarik,222
,Hande,222
,Ozgur,222
,Guulbahar,222
,Sevilen,222
,Maysun,222
,Zuhayr,222
,Mukkerren,222
,Sayan,222
,Arkados,222
,Cahit,222
,Aysu,222
,Neshe,222
,Bahadir,222
,Muzaffer,222
,Makbule,222
,Fairuza,222
,Kabil,222
,Canan,222
,Aruba,222
,Cagatay,222
,Ahu,222
,Ahmed,222
,Adem,222
,Tevfik,222
,Fatin,222
,Ilhami,222
,Pinar,222
,Ekin,222
,Dilara,222
,Ismet,222
,Ozge,222
,Cari,222
,Nebia,222
,Sarila,222
,Guven,222
,Ahmet,222
,Najila,222
,Ece,222
,Basir,222
,Ilker,222
,Aysun,222
,Suleiman,222
,Quibele,222
,Shakir,222
,Harika,222
,Mukhtar,222
,Umut,222
,Onan,222
,Khalid,222
,Alp,222
,Sukuru,222
,Zerdali,222
,Reyha,222
,Fadahunsi,222
,Engin,222
,Mehr,222
,Zeki,222
Yanardag,Pinar,222
,Ohannes,222
,Nildag,222
Oyetey,Suchema,229
,harper,230
,connor,230
,rocky,230
,carmelo,230
,wilber,230
,tristian,230
,kraig,230
,alayna,230
,maurice,230
,cesar,230
,ella,230
,mickey,230
,robby,230
,rogelio,230
,chandler,230
,libby,230
,boris,230
,rashad,230
,anahi,230
,fausto,230
,talon,230
,deanna,230
,ephraim,230
,salvador,230
,humberto,230
,lilah,230
,manual,230
,nikolai,230
,russel,230
,geoffrey,230
,renee,230
,cody,230
,hunter,230
,taylor,230
,lon,230
,heriberto,230
,kathryn,230
,matteo,230
,burton,230
,vernon,230
,maggie,230
,jax,230
,lainey,230
,lloyd,230
,jagger,230
,mathew,230
Mauney,Lisa,230
,alana,230
,derick,230
,buster,230
,gaston,230
,carolyn,230
,gibson,230
,ricky,230
,myles,230
,callum,230
,beau,230
,stan,230
,devon,230
,earle,230
,rayford,230
,timothy,230
Wilson,Jeff,230
,juelz,230
,hayden,230
,mitchel,230
,noble,230
,alessandra,230
,jude,230
,sierra,230
,jerome,230
,porter,230
,kason,230
,emmalee,230
,ashley,230
,brodie,230
,yair,230
,bryleigh,230
,gail,230
,pasquale,230
,joyce,230
,dave,230
,kayden,230
,pete,230
,fredric,230
,toby,230
,donovan,230
,larry,230
,carlton,230
,ulises,230
,aliana,230
,willie,230
,kyrie,230
,alaysia,230
,mustafa,230
,tristin,230
,brecken,230
,phoebe,230
,ruben,230
,jurnee,230
,mia,230
,braxton,230
,wilbert,230
,stetson,230
,cannon,230
,zander,230
,kole,230
,kate,230
,alina,230
,cadence,230
,lupe,230
,ingrid,230
,rolando,230
,mckenna,230
,kylee,230
,colin,230
,adalyn,230
,kris,230
,mallory,230
,diana,230
,axel,230
,anastasia,230
,bill,230
,randy,230
,adrian,230
,kaylie,230
,dwayne,230
,valentine,230
,marcellus,230
,haley,230
,zaria,230
,angelique,230
,rupert,230
,drake,230
,eusebio,230
,jewel,230
,bayleigh,230
,leopoldo,230
,evangeline,230
,rihanna,230
,wesley,230
,austin,230
,homer,230
,irene,230
,maria,230
,jayson,230
,emmalyn,230
,lilia,230
,avianna,230
,mohammad,230
,will,230
,isiah,230
,enzo,230
,greyson,230
,tinley,230
,maliyah,230
,mckinley,230
,kent,230
,sara,230
,morris,230
,meredith,230
,jordyn,230
,jolene,230
,anaya,230
,joey,230
,aydan,230
Kenneth Davison,Benjamin,230
,alannah,230
,mitch,230
,sylas,230
,lily,230
,ember,230
,paulina,230
,leilani,230
,stanford,230
,foster,230
,princeton,230
,rico,230
,macie,230
,aniyah,230
,stuart,230
,kymani,230
,antoine,230
,kyson,230
,rich,230
,carolina,230
,antwan,230
,azalea,230
,jamarion,230
,troy,230
,wm,230
,macey,230
,malia,230
,carley,230
,boyce,230
,azaria,230
,ari,230
,frank,230
,alejandro,230
,princess,230
,lou,230
,darin,230
,sabrina,230
,jazmine,230
,rob,230
,mackenzie,230
,hiram,230
,shayne,230
,coleman,230
Sarnacke,Patrick,230
,angelina,230
,fidel,230
,hai,230
,raymon,230
,raylan,230
,scarlet,230
,mabel,230
,corey,230
,jacqueline,230
,anabel,230
,jada,230
,amber,230
,amiyah,230
,yahir,230
,soren,230
,sheldon,230
,horace,230
,jaiden,230
,garfield,230
,levi,230
,ayla,230
,atticus,230
,amelia,230
,wyatt,230
,karlie,230
,kristofer,230
,august,230
,liana,230
,emanuel,230
,monte,230
,clifford,230
,jack,230
,louis,230
,jeffrey,230
,marjorie,230
,eve,230
,keyla,230
,joaquin,230
,colette,230
,ronald,230
,von,230
,isaiah,230
,alphonso,230
,seymour,230
,audrina,230
,marilyn,230
,malcom,230
,jerry,230
,brent,230
,zainab,230
,jan,230
,dennis,230
,brian,230
,eloise,230
,dylan,230
,kingsley,230
,roscoe,230
,oscar,230
,jeramy,230
,columbus,230
,sylvia,230
,kailee,230
,bernardo,230
,zayden,230
,leyla,230
,esther,230
,raelyn,230
,luther,230
,alfred,230
,gaylord,230
,junior,230
,addison,230
,myron,230
,gwendolyn,230
,manuel,230
,henry,230
,miranda,230
,harlan,230
,mel,230
,gavyn,230
,john,230
,isabelle,230
,willard,230
,carter,230
,howard,230
,jamison,230
,alexis,230
,logan,230
,elise,230
,ellison,230
,brooklyn,230
,beckett,230
,milton,230
,conrad,230
,clint,230
,westin,230
,shelton,230
,rosario,230
,lucille,230
,jarod,230
,katelyn,230
,cataleya,230
,graham,230
,hans,230
,jimmie,230
,wally,230
,jenny,230
,jocelyn,230
,arya,230
,danielle,230
,marcelino,230
,adele,230
,reggie,230
,nevaeh,230
,scott,230
,byron,230
,semaj,230
,gracelynn,230
,rolf,230
,kelsey,230
,brayan,230
,jean,230
,malik,230
,ellis,230
,reese,230
,chas,230
,adelynn,230
,luigi,230
,spencer,230
,coy,230
,harmony,230
,chung,230
,bryan,230
,hugo,230
,bowen,230
,asa,230
,elianna,230
,emma,230
,jimmy,230
,alia,230
,kailey,230
,kyra,230
,tristan,230
,daren,230
,miles,230
,eloy,230
,chanel,230
,natalee,230
,zoie,230
,malcolm,230
,ismael,230
,molly,230
,walton,230
,samantha,230
,kenia,230
,heidi,230
,eliana,230
,leonidas,230
,kristen,230
,daphne,230
,kayson,230
,dion,230
,kelvin,230
,halle,230
,phillip,230
,briella,230
,jarrett,230
,young,230
,alfonzo,230
,woodrow,230
,otha,230
,saul,230
,val,230
,julianne,230
,adeline,230
,bert,230
,lucian,230
,patience,230
,nico,230
,xander,230
,nylah,230
,norris,230
,leslie,230
,ian,230
,elian,230
,julianna,230
,pierce,230
,graig,230
,perry,230
,nyla,230
,titus,230
,ramiro,230
,aubree,230
,lilyanna,230
,keneth,230
,nehemiah,230
,tom,230
,chad,230
,regan,230
,rayan,230
,peyton,230
,jonathan,230
,emely,230
,wren,230
,ronnie,230
,kobe,230
,mauro,230
,abdullah,230
,gloria,230
,jamey,230
,douglass,230
,lowell,230
,macy,230
,damian,230
,tori,230
,maynard,230
,van,230
,melvin,230
,wynter,230
,wilbur,230
,robt,230
,neriah,230
,hallie,230
,baylee,230
,dulce,230
,hilton,230
,laura,230
,ann,230
,adelyn,230
,emily,230
,len,230
,neymar,230
,darrell,230
,alani,230
,connie,230
,darrick,230
,emmy,230
,isaac,230
,samara,230
,weldon,230
,antonio,230
,ruby,230
,elvis,230
,brandon,230
,adelaide,230
,sophie,230
,aubri,230
,amy,230
,lamont,230
,charli,230
,janessa,230
,delmer,230
,isla,230
,emmaline,230
,earl,230
,atlas,230
,anabella,230
,iker,230
,michael,230
,sid,230
,luciano,230
,edmundo,230
,lucia,230
,chance,230
,laney,230
,hung,230
,savannah,230
,numbers,230
,cliff,230
,khloe,230
,victoria,230
,ralph,230
,dino,230
,estella,230
,amia,230
,iris,230
,theron,230
,ramon,230
,maci,230
,titan,230
,bobbie,230
,brentley,230
,ayleen,230
,blaise,230
,nicholas,230
,paisley,230
,nolan,230
,blair,230
,madeline,230
,ben,230
,domenic,230
,chauncey,230
,cecil,230
,stacey,230
,nathaly,230
,corban,230
,shaun,230
,demetrius,230
,willa,230
,abel,230
,lacy,230
,campbell,230
,lucas,230
,allyson,230
,nadia,230
,carlo,230
,linwood,230
,arely,230
,bentley,230
,julian,230
,kerry,230
,milena,230
,abrielle,230
,adalberto,230
,kynlee,230
,terence,230
,ryder,230
,clark,230
,richard,230
,lacey,230
,bryanna,230
,kip,230
,turner,230
,damon,230
,tomas,230
,carl,230
,allie,230
,bodhi,230
,raina,230
,kayla,230
,remi,230
,bailee,230
,rachel,230
,ned,230
,virginia,230
,kyleigh,230
,fermin,230
,celeste,230
,ray,230
,hassan,230
,kade,230
,philip,230
,kieth,230
,hubert,230
,ariyah,230
,jake,230
,deborah,230
,matias,230
,odis,230
,melanie,230
,benny,230
,valerie,230
,bruno,230
,makayla,230
,mariana,230
,miley,230
,porfirio,230
,quinn,230
,lylah,230
,kamryn,230
,keira,230
,rivka,230
,maia,230
,janelle,230
,isabela,230
,hana,230
,skylar,230
,gwen,230
,konner,230
,jayde,230
,tory,230
,andrew,230
,william,230
,heath,230
,jairo,230
,isreal,230
,alaina,230
,tyrone,230
,lisa,230
,kimber,230
,clay,230
,heather,230
,camden,230
,dean,230
,gabrielle,230
,omari,230
,edmund,230
,murray,230
,aaden,230
,kylah,230
,shannon,230
,shirley,230
,lorenzo,230
,alessandro,230
,mathias,230
,vicente,230
,natalya,230
,kieran,230
,jayda,230
,rodney,230
,modesto,230
,damion,230
,son,230
,aidan,230
,zariah,230
,courtney,230
,maddison,230
,yael,230
,erin,230
,felicity,230
,brielle,230
Swan,Erik,230
,alaya,230
,madden,230
,brock,230
,jett,230
,veronica,230
,amira,230
,abram,230
,yamileth,230
,jaxson,230
,priscilla,230
,danny,230
,lennon,230
,orville,230
,allison,230
,harlow,230
,dorian,230
,saniyah,230
,herb,230
,damien,230
,sergio,230
,saige,230
,freddy,230
,alyson,230
,jordy,230
,roland,230
,josh,230
,londyn,230
,kailyn,230
,caleb,230
,braylen,230
,rubin,230
,davin,230
,neville,230
,danica,230
,holden,230
,bob,230
,dorothy,230
,elmer,230
,bridger,230
,bryce,230
,jordynn,230
,ariella,230
Teoh,Jason,230
,zoey,230
,al,230
,kairi,230
,bianca,230
,vincent,230
,gabriela,230
,jasiah,230
,fisher,230
,bailey,230
,jasmin,230
,ronan,230
,luz,230
,jefferson,230
,jonas,230
,duke,230
,grady,230
,darell,230
,glenn,230
,kyndall,230
,stevie,230
,elizabeth,230
,frederic,230
,keagan,230
,raven,230
,pablo,230
,jaxen,230
,alondra,230
,trevor,230
,sherwood,230
,thad,230
,katalina,230
,pearl,230
,olive,230
,kaylee,230
,finley,230
,aryana,230
,jorden,230
,lauren,230
,katie,230
,tatiana,230
,wilburn,230
,adam,230
,kenton,230
,garrett,230
,tara,230
,brendan,230
,kenzie,230
,dayton,230
,mariyah,230
,ali,230
,ezequiel,230
,kayleigh,230
,vivienne,230
,jc,230
,bennett,230
,adolph,230
,noemi,230
,cynthia,230
,kane,230
,nikolas,230
,weston,230
,ariya,230
,madilynn,230
,helen,230
,quintin,230
,paislee,230
,stella,230
,daron,230
,salma,230
,mariah,230
,maryam,230
,braelyn,230
,harland,230
,claire,230
,brittany,230
,yareli,230
,jerald,230
,jamari,230
,blaine,230
,mckenzie,230
,darrin,230
,milan,230
,aurelia,230
,eric,230
,cameron,230
,araceli,230
,taryn,230
,marlin,230
,tyler,230
,darien,230
,german,230
,carmine,230
,alvaro,230
,channing,230
,leigh,230
,jennifer,230
,demi,230
,fred,230
,rosalie,230
,jared,230
,dannie,230
,janae,230
,percy,230
,braelynn,230
,monroe,230
,daxton,230
,samuel,230
,whitney,230
,todd,230
,jackson,230
,christian,230
,kylan,230
,chang,230
,filiberto,230
,blakely,230
,judith,230
,rex,230
,zackary,230
,zoe,230
,tessa,230
,donnell,230
,johnathan,230
,rylie,230
,maeve,230
,mikayla,230
,chadwick,230
,rusty,230
,cindy,230
,korbin,230
,jess,230
,henley,230
,johnny,230
,jimena,230
,elias,230
,basil,230
,peter,230
,grant,230
,rayna,230
,allan,230
,cason,230
,kody,230
,jenna,230
,lucien,230
,wilford,230
,rylee,230
,charleigh,230
,nathan,230
,anton,230
,silas,230
,willow,230
,kamden,230
,brice,230
,kolton,230
,earnest,230
,ruth,230
,rayne,230
,kash,230
,yong,230
,julie,230
,journey,230
,paxton,230
,parker,230
,long,230
,elijah,230
,vaughn,230
,jane,230
,arlie,230
,mason,230
,kermit,230
,joanna,230
,miya,230
,madeleine,230
,colten,230
,alexa,230
,vincenzo,230
,kori,230
,martin,230
,leighton,230
,cary,230
,lauryn,230
,sang,230
,reed,230
,jaylah,230
,lester,230
,colton,230
,jayden,230
,armando,230
,claudia,230
,kenley,230
,aliya,230
,ed,230
,coraline,230
,hershel,230
,jacinto,230
,annabella,230
,kinsley,230
,daleyza,230
,elaina,230
,uriah,230
,rebekah,230
,nora,230
,alton,230
,ciara,230
,hyman,230
,cedrick,230
,jayla,230
,allen,230
,elyse,230
,ira,230
,aurelio,230
,ellen,230
,billie,230
,ayden,230
,zahra,230
,guadalupe,230
,cyrus,230
,ean,230
Look,Jonathan,230
,kaylyn,230
,alyvia,230
,nigel,230
,kali,230
,jessica,230
,dominique,230
,addyson,230
,emory,230
,jaelyn,230
,bria,230
,ahmed,230
,millard,230
Turley,Patrick,230
,raelynn,230
,cheyenne,230
,cain,230
,samson,230
,ashlynn,230
,cruz,230
,pedro,230
,giovanna,230
,irvin,230
,patricia,230
,lenny,230
,lazaro,230
,gianni,230
,chuck,230
,kennedy,230
,asia,230
,autumn,230
,tommie,230
,judson,230
,kinley,230
,javon,230
,terrell,230
,iliana,230
,aiyana,230
,fernando,230
,nathalie,230
,rafael,230
,darren,230
,vanessa,230
,felipe,230
,jaxton,230
Mueller,Matt,230
,hope,230
,herschel,230
,warren,230
,alisson,230
,laverne,230
,mekhi,230
,gary,230
,caiden,230
,keenan,230
,kenna,230
,kamdyn,230
,jakob,230
,ted,230
,ward,230
,brinley,230
,carlee,230
,hattie,230
,shelby,230
,joy,230
,luke,230
,garrison,230
,gayle,230
,jacques,230
,christoper,230
,briana,230
,lesly,230
,aviana,230
,lyla,230
,rhys,230
,quinton,230
,bertram,230
,jordon,230
,aleah,230
,waylon,230
,hank,230
,kennedi,230
,everett,230
,eliza,230
,vito,230
,reginald,230
,braeden,230
,rudolph,230
,daryl,230
,cassidy,230
,gabriel,230
,aarav,230
,jeromy,230
,jaylin,230
,alexzander,230
,kelley,230
,aisha,230
,abdul,230
Garrett,Gregory,230
,yusuf,230
,deegan,230
,sharon,230
,ernesto,230
,guillermo,230
,vance,230
,everette,230
,ainsley,230
,khalil,230
,jackie,230
,nancy,230
,ty,230
,leonard,230
,jeff,230
,melany,230
,enoch,230
,celia,230
,emery,230
,gunner,230
,presley,230
,ezekiel,230
,karson,230
,samir,230
,amaya,230
,florentino,230
,russell,230
,diego,230
,landon,230
,emmanuel,230
,matt,230
,izayah,230
,wilson,230
,brett,230
,donny,230
,dick,230
,donnie,230
,emilio,230
,leah,230
,carla,230
,curt,230
,kendra,230
,zaid,230
,nola,230
,erwin,230
,niko,230
,sawyer,230
,davis,230
,broderick,230
,jamal,230
,alden,230
,bradley,230
,arabella,230
,scarlette,230
,miguel,230
,uriel,230
,mara,230
,fernanda,230
,karlee,230
,joan,230
,callan,230
,jefferey,230
,roberto,230
,brain,230
,marcelo,230
,ken,230
,madalynn,230
,merrill,230
,trace,230
,kennith,230
,madalyn,230
,jade,230
,darrel,230
,kaylynn,230
,matilda,230
,jessie,230
,camryn,230
,kevin,230
,crew,230
,conner,230
,gordon,230
,wallace,230
,lorelei,230
,markus,230
,xavi,230
,lizbeth,230
,randall,230
,kellen,230
,lee,230
,barbara,230
,rory,230
,domingo,230
,lonnie,230
,brynn,230
,marc,230
,izabella,230
,kaiya,230
,denny,230
,alissa,230
,phil,230
,faith,230
,jerrod,230
,marshall,230
,lillyana,230
,finnegan,230
,leandro,230
,aiden,230
,avery,230
,rodolfo,230
,milo,230
,shayla,230
,moses,230
,adrianna,230
,mark,230
,gia,230
,miracle,230
,izaiah,230
,aleigha,230
,gage,230
,abril,230
,jedidiah,230
,krish,230
,tommy,230
,darius,230
,sky,230
,sarah,230
,lailah,230
,leland,230
,rueben,230
,stephan,230
,zain,230
,marisol,230
,roxanne,230
,kaylin,230
,sammy,230
,edward,230
,daniella,230
,bud,230
,mercy,230
,ezra,230
,cristopher,230
,huey,230
,ross,230
,karl,230
,augustus,230
,karissa,230
,aubrie,230
,hollis,230
,noel,230
,rocco,230
,reyna,230
,mauricio,230
,shiloh,230
,cletus,230
,clinton,230
,laila,230
,dexter,230
,josue,230
,arianna,230
,sloane,230
,colt,230
,grace,230
,virgil,230
,luciana,230
,everly,230
,luis,230
,alicia,230
,marianna,230
,marcos,230
Fish,Jason,230
,roman,230
,archie,230
,temperance,230
,tiffany,230
,yaritza,230
,felix,230
,caitlyn,230
,nelson,230
,jae,230
,devyn,230
,cade,230
,deangelo,230
,sherlyn,230
,josef,230
,lenard,230
,isabella,230
,hazel,230
,kingston,230
,brooklynn,230
,elisha,230
,lila,230
,jules,230
,gregg,230
,liv,230
,bennie,230
,bronson,230
,andy,230
,jarvis,230
,myah,230
,johnson,230
,hanna,230
,lance,230
,makenna,230
,georgia,230
,carly,230
,vera,230
,aubrielle,230
,marleigh,230
,danika,230
,galilea,230
,addisyn,230
,savanna,230
,efrain,230
,johanna,230
,yadiel,230
,les,230
,karla,230
,deacon,230
,zion,230
,aden,230
,jonah,230
,erica,230
,norman,230
,leonardo,230
,sasha,230
,raiden,230
,kaysen,230
,arlen,230
,gil,230
,noelle,230
,cristian,230
,elwood,230
,dallas,230
,griffin,230
,ryland,230
,layton,230
,aron,230
,nestor,230
,hugh,230
,kasen,230
,tabitha,230
,andre,230
,ayanna,230
,grover,230
,aubrianna,230
,elsa,230
,maximo,230
,lucio,230
,hamza,230
,jaime,230
,bernie,230
,cayson,230
,amari,230
,kiera,230
,stephanie,230
,jospeh,230
,dana,230
,aldo,230
,jocelynn,230
,irving,230
,marie,230
,deon,230
,chloe,230
,theodore,230
,cortez,230
,glen,230
,elvin,230
,reuben,230
,darwin,230
,penelope,230
,ike,230
,kaiden,230
,kim,230
,romeo,230
,jolie,230
,teagan,230
,benito,230
,devin,230
,kenny,230
,quincy,230
,jason,230
,evalyn,230
,santiago,230
,chace,230
,heaven,230
,abraham,230
,skye,230
,aubrey,230
,andrea,230
,amelie,230
,jamir,230
,olivia,230
,maximiliano,230
,mohammed,230
,tobias,230
,truman,230
,regina,230
,roderick,230
,gannon,230
,harold,230
,giselle,230
,lilith,230
,clair,230
,sebastian,230
,jonathon,230
,jame,230
,lane,230
,madisyn,230
,lilliana,230
,cassius,230
,zayn,230
,ximena,230
,felton,230
,bently,230
,mollie,230
,micheal,230
,trent,230
,konnor,230
,owen,230
,trinity,230
,noah,230
,jaydon,230
,haywood,230
,major,230
,tripp,230
,arturo,230
,erasmo,230
,jaylee,230
,jazlynn,230
,eva,230
,lindsey,230
,mya,230
,jase,230
,aurora,230
,river,230
,jayceon,230
,anson,230
,marquis,230
,raul,230
,alonzo,230
,aleena,230
,wayne,230
,xavier,230
,jerold,230
,antonia,230
,myra,230
,joesph,230
,emmett,230
,athena,230
,clayton,230
,davion,230
,sullivan,230
,ariana,230
,oakley,230
,oliver,230
,christopher,230
,marion,230
,zane,230
,maxim,230
,lana,230
,boston,230
,harris,230
,eddy,230
,leia,230
,charlie,230
,marlee,230
,kimora,230
,chet,230
,trey,230
,chester,230
,donald,230
,rufus,230
,alfonso,230
,alijah,230
,micah,230
,roselyn,230
,sloan,230
,kaleigh,230
,edison,230
,ayaan,230
,dominik,230
,edith,230
,galen,230
,mose,230
,robbie,230
,jayleen,230
,lillian,230
,thatcher,230
,man,230
,ernest,230
,evelyn,230
,mikel,230
,daniel,230
,naomi,230
,ulysses,230
,berry,230
,lucius,230
,elmo,230
,ivan,230
,alexia,230
,jaida,230
,cara,230
,miriam,230
,sadie,230
,destinee,230
,edgar,230
,liliana,230
,arielle,230
,francesco,230
,braden,230
,jair,230
,andreas,230
,camdyn,230
,dominic,230
,zaiden,230
,nicole,230
,aliyah,230
,willis,230
,jamaal,230
,adolfo,230
,adan,230
,ansley,230
,merlin,230
,eli,230
,armani,230
,laurence,230
,madyson,230
,hong,230
,lynn,230
,misael,230
,clarissa,230
,karina,230
,maleah,230
,abdiel,230
,enrique,230
,matthew,230
,gauge,230
,maximus,230
,brad,230
,arjun,230
,jerrell,230
,nixon,230
,dan,230
,serena,230
,april,230
,sung,230
,ahmad,230
,dale,230
,sanford,230
,lilian,230
,luca,230
,palmer,230
,sandra,230
,rosemary,230
,nia,230
,joshua,230
,carlos,230
,gerald,230
,gale,230
,violet,230
,emmitt,230
,celine,230
,reid,230
,reece,230
,carrol,230
,kensley,230
,omer,230
,carroll,230
,samual,230
,hailee,230
,osvaldo,230
,bo,230
,lawson,230
,avalyn,230
,averie,230
,harrison,230
,kylie,230
,yaretzi,230
,aspen,230
,isabel,230
,adalynn,230
,trinidad,230
,dalton,230
,granville,230
,millie,230
,brantlee,230
,annabelle,230
,crystal,230
,cristobal,230
,mariam,230
,elden,230
,johnathon,230
,warner,230
,sincere,230
,randolph,230
,ishaan,230
,camilo,230
,cassandra,230
,makai,230
,cleo,230
,malaya,230
,brooks,230
,kiana,230
,ashton,230
,renato,230
,antione,230
,kimberly,230
,barry,230
,lynwood,230
,caden,230
,nasir,230
,elena,230
,ada,230
Mauney,Brad,230
,valentina,230
,dillon,230
,bradly,230
,elle,230
,dayana,230
,dong,230
,lanny,230
,susan,230
,bart,230
,royce,230
,estelle,230
,garret,230
,madelynn,230
,winter,230
,mitchell,230
,roy,230
,elbert,230
,kamila,230
,dax,230
,bernard,230
,morton,230
,reyes,230
,brant,230
,tracy,230
,kaitlyn,230
,eldridge,230
,sydney,230
,desmond,230
,jaliyah,230
,jace,230
,avah,230
,lawrence,230
,sylvester,230
,ashlyn,230
,odell,230
,jameson,230
,kiara,230
,hector,230
,morgan,230
,juliette,230
,teddy,230
,merle,230
,gregorio,230
,giuseppe,230
,maverick,230
,leonel,230
,cole,230
,elroy,230
,frankie,230
,buford,230
,kailani,230
,steve,230
,arlo,230
,burl,230
,rosendo,230
,blaze,230
,thiago,230
,rosa,230
,jasmine,230
,braylon,230
,lilly,230
,raymond,230
,alonso,230
,dwight,230
,erik,230
,dario,230
,callen,230
,aileen,230
,casen,230
,octavio,230
,billy,230
,monica,230
,brycen,230
,king,230
,terrance,230
,claud,230
,tim,230
,denzel,230
,milana,230
,xzavier,230
,rodrick,230
,anika,230
,beatrice,230
,christine,230
,adelina,230
,karly,230
,wilfredo,230
,amani,230
,vern,230
,alison,230
,cordell,230
,alayah,230
,lyric,230
,fabian,230
,renata,230
,aidyn,230
,darryl,230
,azariah,230
,alejandra,230
,mario,230
,giuliana,230
,isidro,230
,gianna,230
,catherine,230
,garry,230
,wilmer,230
,luna,230
,crosby,230
,michal,230
,amara,230
,natalie,230
,lyle,230
,josephine,230
,tod,230
,johnnie,230
,jeremy,230
,giana,230
,ally,230
,landry,230
,leif,230
,teresa,230
,amanda,230
,ignacio,230
,hudson,230
,seth,230
,charlotte,230
,elliott,230
,christina,230
,winston,230
,kira,230
,angel,230
,mary,230
,colby,230
Roberts,Jason,230
,fredrick,230
,charity,230
,jaylen,230
,reynaldo,230
,serenity,230
,josiah,230
,bristol,230
,ferdinand,230
,nathanael,230
,santo,230
,justin,230
,ava,230
,melissa,230
,malaysia,230
,lavern,230
,jericho,230
,nash,230
,walter,230
,holly,230
,alan,230
,nataly,230
,mike,230
,siena,230
,buck,230
,sophia,230
,annabell,230
,dirk,230
,jamie,230
,hannah,230
,evan,230
,kora,230
,darnell,230
,drew,230
,jacob,230
,theo,230
,jadon,230
,cedric,230
,johnie,230
,margot,230
,gerry,230
,eugene,230
,armand,230
,belinda,230
,genaro,230
,case,230
,karsyn,230
,emile,230
,yosef,230
,anne,230
,freya,230
,andres,230
,hailey,230
,kirk,230
,tyson,230
,solomon,230
,marley,230
,rudy,230
,cyril,230
,annalise,230
,kadence,230
,janiya,230
,giavanna,230
,tucker,230
,annalee,230
,refugio,230
,francis,230
,cory,230
,caylee,230
,mina,230
,rod,230
,camilla,230
,castiel,230
,aaron,230
,waldo,230
,gunnar,230
,cora,230
,kourtney,230
,annabel,230
,aydin,230
,jaycob,230
,lennox,230
,fiona,230
,emil,230
,sarahi,230
,pierre,230
,remington,230
,emilia,230
,abbigail,230
,rodrigo,230
,robin,230
,axton,230
,derrick,230
,zachary,230
,amalia,230
,tristen,230
,livia,230
,paityn,230
,sandy,230
,urijah,230
,chelsea,230
,eugenio,230
,apollo,230
,daniela,230
,jed,230
,ronin,230
,jim,230
,ivy,230
,clara,230
,kathleen,230
,dakota,230
,maxwell,230
,blake,230
,astrid,230
,wendy,230
,scotty,230
,lillie,230
,carson,230
,killian,230
,malachi,230
,sutton,230
,victor,230
,reinaldo,230
,stacy,230
,jamel,230
,monty,230
,magnus,230
,hoyt,230
,orval,230
,katherine,230
,muhammad,230
,britney,230
,scot,230
,linda,230
,caitlin,230
,adriel,230
,casey,230
,kyle,230
,breanna,230
Wright,Casey,230
,lena,230
,zariyah,230
,dorsey,230
,kale,230
,brennan,230
,gilbert,230
,aniya,230
,gael,230
,hadassah,230
,collin,230
,amina,230
,jazlyn,230
,lukas,230
,russ,230
,emilee,230
,loyd,230
,leona,230
,raphael,230
,roger,230
,korey,230
,nathanial,230
,david,230
,karma,230
,brady,230
,lyndon,230
,gonzalo,230
,jakobe,230
,adonis,230
,ervin,230
,kurt,230
,willian,230
,jerrold,230
,arron,230
,jordan,230
,phoenix,230
,ryleigh,230
,cohen,230
,emilie,230
,dwain,230
,freddie,230
,dalilah,230
,rayden,230
,oren,230
,stanley,230
,noe,230
,bella,230
,simon,230
,arnoldo,230
,travis,230
,kaidence,230
,aaliyah,230
,rohan,230
,laylah,230
,bruce,230
,angelo,230
,deshawn,230
,alvin,230
,laurel,230
,stanton,230
,megan,230
,alisha,230
,vivian,230
,kaliyah,230
,arnav,230
,paul,230
,curtis,230
,frances,230
,kai,230
,kalel,230
,jesus,230
,kaeden,230
,darron,230
,julia,230
,kyla,230
,grayson,230
,cristiano,230
,dawson,230
,omar,230
,newton,230
,makenzie,230
,bryant,230
,clarence,230
,francisco,230
,juan,230
,krystal,230
,erick,230
,albert,230
,collins,230
,callie,230
,marcus,230
,hipolito,230
,tanner,230
,scottie,230
,zechariah,230
,jensen,230
,kase,230
Dufair,Jason,230
,rickey,230
,kurtis,230
,bobby,230
,giovanni,230
,wes,230
,kendall,230
,sammie,230
,lonny,230
,india,230
,lorelai,230
,chana,230
,franklin,230
,boyd,230
,valentino,230
,cash,230
,madilyn,230
,dane,230
,gabriella,230
,janiyah,230
,olen,230
,jorge,230
,beckham,230
,kelly,230
,randell,230
,jody,230
,rey,230
,bentlee,230
,ibrahim,230
,reagan,230
,harley,230
,delaney,230
,chong,230
,marissa,230
,cecilia,230
,layla,230
,jarred,230
,caroline,230
,eleanor,230
,alexandra,230
Adler,Vanessa,230
,draven,230
,marvin,230
,valeria,230
,esme,230
,brenton,230
,amya,230
,aditya,230
,milford,230
,norberto,230
,zara,230
,clyde,230
,lewis,230
,liberty,230
,brayden,230
,ryann,230
,barton,230
,alexander,230
,emiliano,230
,nahla,230
,lilianna,230
,wilton,230
,liam,230
,errol,230
,asher,230
,ron,230
,dilan,230
,kaleb,230
,wendell,230
,kallie,230
,mack,230
,ivanna,230
,america,230
,jayse,230
,benedict,230
,ambrose,230
,julien,230
,amare,230
,shane,230
,burt,230
,eliseo,230
,brysen,230
,samiyah,230
,scarlett,230
,tenley,230
,lino,230
,benjamin,230
,dewitt,230
,delbert,230
,giada,230
,kolby,230
,gracelyn,230
,roosevelt,230
,sal,230
,kaitlynn,230
,marco,230
,mac,230
,zeke,230
,kaya,230
,amos,230
,donte,230
,averi,230
,demarcus,230
,clement,230
,ivory,230
,virgilio,230
,anabelle,230
,lionel,230
,dewayne,230
,sienna,230
,neil,230
,jaden,230
,gene,230
,nicky,230
,santino,230
,braydon,230
,yasmin,230
,dudley,230
,kolten,230
,karter,230
,houston,230
,natalia,230
,brendon,230
,declan,230
,chaim,230
,sonny,230
,jose,230
,cooper,230
,kasey,230
,maison,230
,branson,230
Taylor,David,230
,immanuel,230
,michelle,230
,audriana,230
,jovanni,230
,eduardo,230
,nick,230
,charley,230
,catalina,230
,alyssa,230
,jasper,230
,ariah,230
,sidney,230
,tate,230
,franklyn,230
,edgardo,230
,israel,230
,franco,230
,jaxon,230
,deandre,230
,faustino,230
,lillianna,230
,seamus,230
,mikaela,230
,willy,230
,orion,230
,odin,230
,herman,230
,cornell,230
,joe,230
,rosie,230
,fletcher,230
,floyd,230
,jazmin,230
,justice,230
,josie,230
,clifton,230
,barney,230
,marina,230
Golubski,Gary,230
,shad,230
,keegan,230
,santos,230
,benton,230
,don,230
,gavin,230
,tuan,230
,otis,230
,dustin,230
,herbert,230
,sofia,230
,nickolas,230
,london,230
,flynn,230
,genesis,230
,zachariah,230
,yousef,230
,annika,230
,jon,230
,davon,230
,irwin,230
,giovani,230
,santana,230
,zaniyah,230
,wiley,230
,sariah,230
,anna,230
,forrest,230
,minh,230
,paola,230
,perla,230
,evie,230
,charlee,230
,michel,230
,renaldo,230
,simone,230
,esteban,230
,kaden,230
,jaelynn,230
,keven,230
,ryan,230
,lara,230
,walker,230
,kassidy,230
,joziah,230
,lina,230
,werner,230
,summer,230
,guy,230
,brooke,230
,imani,230
,haven,230
,teodoro,230
,thomas,230
,melody,230
,oswaldo,230
,viviana,230
,gwyneth,230
,aryanna,230
,meadow,230
,otto,230
,darian,230
,carey,230
,cali,230
,bryon,230
,mariano,230
,frederick,230
,donn,230
,saniya,230
,forest,230
,ricardo,230
,maximilian,230
,abe,230
,audrey,230
,nicolas,230
,grey,230
,taliyah,230
,estrella,230
,jesse,230
,gilberto,230
,harry,230
,amado,230
,pat,230
,edwardo,230
,james,230
,madison,230
,alexandria,230
,mae,230
,carmen,230
,sean,230
,desiree,230
,adrienne,230
,elliot,230
,mayson,230
,camron,230
,cecelia,230
,maddox,230
,tegan,230
,arnulfo,230
,hayley,230
,june,230
,finn,230
,dahlia,230
,carlie,230
,madelyn,230
,lincoln,230
,leila,230
,rowan,230
,kyler,230
,gus,230
,lyman,230
,anibal,230
,trenton,230
,farrah,230
,denise,230
,tad,230
,karis,230
,abigail,230
,neal,230
,julissa,230
,winford,230
,layne,230
,nathaniel,230
,jeremiah,230
,amirah,230
,dusty,230
,jay,230
,emelia,230
,kiley,230
,lea,230
,jaycee,230
,kristina,230
,karen,230
,raleigh,230
,elliana,230
,braylee,230
,margaret,230
,tess,230
,genevieve,230
,kohen,230
,miquel,230
,garland,230
,lola,230
,britt,230
,esmeralda,230
,thanh,230
,gino,230
,royal,230
,brenda,230
,bryn,230
,kristopher,230
,zaire,230
,rebecca,230
,florencio,230
,anya,230
,douglas,230
,stefan,230
,malakai,230
,kareem,230
,carol,230
,melina,230
,issac,230
,ares,230
,alphonse,230
,horacio,230
,joselyn,230
,prince,230
,jalen,230
,rodger,230
,dangelo,230
,norbert,230
,alivia,230
,patrick,230
,chi,230
,miller,230
,maliah,230
,federico,230
,paloma,230
,leon,230
,terrence,230
,makena,230
,giovanny,230
,brianna,230
,graeme,230
,clare,230
,jadiel,230
,lindsay,230
,denver,230
,danial,230
,joseph,230
,juliet,230
,amir,230
,lia,230
,haylee,230
,antony,230
,augustine,230
,penny,230
,magnolia,230
,tamia,230
,branden,230
,timmy,230
,brylee,230
,ollie,230
,loren,230
,corinne,230
,zuri,230
,skyler,230
,stephen,230
,hadlee,230
,sam,230
,clemente,230
,orlando,230
,paula,230
,charles,230
,eileen,230
,kaia,230
,jeffery,230
,tiana,230
,kory,230
,anderson,230
,dante,230
,calvin,230
,paige,230
,emersyn,230
,mercedes,230
,ireland,230
,freeman,230
,remy,230
,hilario,230
,shon,230
,stewart,230
,lydia,230
,erika,230
,juniper,230
,edwin,230
,katelynn,230
,thurman,230
,piper,230
,rose,230
,kamari,230
,mira,230
,jere,230
,makhi,230
,emerie,230
,jacoby,230
,harlee,230
,danna,230
,amiya,230
,maya,230
,aria,230
,alex,230
,moises,230
,elsie,230
,jewell,230
,francesca,230
,arnold,230
,lemuel,230
,geraldo,230
,lochlan,230
,dewey,230
,eddie,230
,rick,230
,ariel,230
,tony,230
,brenden,230
,cornelius,230
,easton,230
,elisa,230
,lilyana,230
,elton,230
,zachery,230
,buddy,230
,kassandra,230
,gracie,230
,chris,230
,joel,230
,javier,230
,marty,230
,arthur,230
,rene,230
,miah,230
,kannon,230
,hosea,230
,napoleon,230
,winfred,230
,charlize,230
,chaya,230
,brynlee,230
,camren,230
,justus,230
,angela,230
,nayeli,230
,rigoberto,230
,isis,230
,triston,230
,kristian,230
,kendrick,230
,gerard,230
,milania,230
,normand,230
,delilah,230
,jeffry,230
,isaias,230
,antone,230
,judah,230
,ernie,230
,lawerence,230
,davian,230
,helena,230
,lexi,230
,keith,230
,rowen,230
,alberto,230
,efren,230
,landyn,230
,norah,230
,george,230
,raquel,230
,fatima,230
,raymundo,230
,ellsworth,230
,doyle,230
,selena,230
,kyree,230
,rhett,230
,haleigh,230
,claude,230
,barrett,230
,paris,230
,hobert,230
,conor,230
,bryson,230
,louie,230
,maxton,230
,mohamed,230
,thalia,230
,daisy,230
,kenneth,230
,michaela,230
,rudolf,230
,olin,230
,duncan,230
,rylan,230
,robert,230
,hendrix,230
,brody,230
,archer,230
,itzel,230
,aimee,230
,fritz,230
,bret,230
,wilfred,230
,adrien,230
,lucca,230
,elin,230
,del,230
,booker,230
,cayden,230
,jarrod,230
,max,230
,knox,230
,williams,230
,richie,230
,duane,230
,harvey,230
,hayes,230
,lamar,230
,kaydence,230
,dominick,230
,salvatore,230
,gideon,230
,alma,230
,gregory,230
,michale,230
,alva,230
,randal,230
,dee,230
,moriah,230
,benson,230
,delmar,230
,tyrell,230
,lucy,230
Gray,Alexander,230
,ellie,230
,jermaine,230
,rickie,230
,kaelyn,230
,alec,230
,leanna,230
,art,230
,cleveland,230
,tatum,230
,jayce,230
,abby,230
,sage,230
,doug,230
,garth,230
,wade,230
,eldon,230
,jaylene,230
,camille,230
,destiny,230
,bethany,230
Askew,Nicolette,230
,ayana,230
,denis,230
,kirby,230
,belen,230
,dixie,230
,skyla,230
,leo,230
,vihaan,230
,audrianna,230
,myla,230
,gustavo,230
,jillian,230
,chase,230
,lachlan,230
,martha,230
,derek,230
,tyron,230
,briley,230
,jemma,230
,emmalynn,230
,rolland,230
,gemma,230
,anders,230
,lesley,230
,edmond,230
,ana,230
,cristina,230
,elisabeth,230
,ronny,230
,kenya,230
,shawn,230
,luka,230
,sonia,230
,bridget,230
,giancarlo,230
,selah,230
,alice,230
,thaddeus,230
,ameer,230
,memphis,230
,raegan,230
,joslyn,230
,marcel,230
,landen,230
,claudio,230
,keaton,230
O'Neill,Adam,230
,hezekiah,230
,tyree,230
,cherish,230
,mila,230
,annie,230
,addilyn,230
,preston,230
,lexie,230
,toney,230
Lofgren,Peter,230
,valentin,230
,sarai,230
,hadley,230
,evelynn,230
,angie,230
,tracey,230
,brenna,230
,javion,230
,angeline,230
,sol,230
,moshe,230
,adriana,230
,kian,230
,matthias,230
,kara,230
,mervin,230
,braiden,230
,anthony,230
,greg,230
,erich,230
,camila,230
,kamron,230
,arian,230
,arden,230
,ryker,230
,julio,230
,sterling,230
,saylor,230
,kellan,230
,zack,230
,talia,230
,corbin,230
,bradford,230
,payton,230
,journee,230
,messiah,230
,ace,230
,johan,230
,quentin,230
,kameron,230
,aliza,230
,steven,230
,riley,230
,jaylynn,230
,agustin,230
,nina,230
,zayne,230
,briggs,230
,vince,230
,leroy,230
,everleigh,230
,alfredo,230
,jamar,230
,nova,230
,zavier,230
,aylin,230
,langston,230
,cullen,230
,ethan,230
,mckayla,230
,diamond,230
,marlon,230
,elaine,230
,terry,230
,alena,230
,natasha,230
,emerson,230
,julius,230
,kaylen,230
,gerardo,230
,mateo,230
,legend,230
,greta,230
,craig,230
,angelica,230
,hal,230
,brantley,230
,eden,230
,aryan,230
,danilo,230
,alanna,230
,jovani,230
,sherman,230
,juliana,230
,margarito,230
,Ngoc,235
,Huu,235
,Tuyen,235
,Van,235
,Trong,235
,Hoa,235
,Hao,235
,Ngu,235
,Nghi,235
,Yen,235
,Pin,235
,Nghia,235
,Phuoc,235
,Huong,235
,An,235
,Nguyet,235
,My,235
,Dinh,235
,Bian,235
,Thuaan,235
,Teo,235
,Hy,235
,Mai,235
,Huynh,235
,Lien,235
,Thang,235
,Thinh,235
,Dong,235
,Hoang,235
,Kim,235
,Ngon,235
,Chi,235
,Trung,235
,Duy,235
,Chien,235
,Quan,235
,Anh,235
,Ut,235
,Cuong,235
,Buu,235
,Gia,235
,Nhung,235
,Tung,235
,Trai,235
,Hai,235
,Truc,235
,Be,235
,Cong,235
,Ca,235
,Lap,235
,Le,235
,Xuan,235
,Am,235
,Thien,235
,Tuong,235
,Ti,235
,Ha,235
,Thuy,235
,Cam,235
,Quoc,235
,Long,235
,Thao,235
,Lang,235
,Thi,235
,Hwa,235
,Nam,235
,Sang,235
,Tong,235
,Lan,235
,Bich,235
,Quy,235
,Hoc,235
,Hien,235
,Binh,235
,Ping,235
,Hang,235
,Thu,235
,Bianh,235
,Dai,235
,Hieu,235
,Tu,235
,Nien,235
,Hong,235
,Bao,235
,Ngai,235
,Phoung,235
,Tuyet,235
,Dung,235
,Nhan,235
,Thanh,235
,Son,235
,Chinh,235
,Phuong,235
,Thai,235
,Truuc,235
,Quang,235
,Tam,235
,Nu,235
,Thuc,235
,Danh,235
,Hyunh,235
,Viet,235
,Nguyen,235
,Ba,235
,Phuc,235
,Duong,235
,Cai,235
,Hue,235
,Trinh,235
,Ai,235
,Huy,235
,Vien,235
,Hanh,235
,Tai,235
,Chau,235
,Tien,235
,Cuc,235
,Tuan,235
,Tan,235
,Kim-ly,235
,Lanh,235
,Toan,235
,Linh,235
,Bay,235
,Phong,235
,Duc,235
,Phuok,235
,Vinh,235
,Hung,235
,Minh,235
,Tin,235
,Trang,235
,Thian,235
